{
  "proposals": [
    {
      "proposal_id": "prop_1761189860_0",
      "proposal_type": "policy_update",
      "title": "Staging Test Proposal",
      "description": "Testing consensus in staging deployment",
      "data": {
        "test": true,
        "timestamp": 1761189860.324963
      },
      "proposer_node_id": "a5cd74fd-bcf2-4e00-aaa7-fe39b45ed9d1",
      "status": "voting",
      "created_at": 1761189860.3258545,
      "voting_ends_at": 1761190160.325855,
      "time_remaining": 0,
      "votes": {},
      "vote_count": 0,
      "result": null
    },
    {
      "proposal_id": "prop_1761195358_1",
      "proposal_type": "governance_rule",
      "title": "Test Global Policy",
      "description": "Testing governance",
      "data": {
        "test": true,
        "governance_level": "global_council",
        "region": null
      },
      "proposer_node_id": "node_1",
      "status": "voting",
      "created_at": 1761195358.720809,
      "voting_ends_at": 1761195658.7208092,
      "time_remaining": 292.62303280830383,
      "votes": {},
      "vote_count": 0,
      "result": null
    },
    {
      "proposal_id": "prop_1761195366_2",
      "proposal_type": "governance_rule",
      "title": "Test Global Policy",
      "description": "Testing governance",
      "data": {
        "test": true,
        "governance_level": "global_council",
        "region": null
      },
      "proposer_node_id": "node_1",
      "status": "voting",
      "created_at": 1761195366.0977695,
      "voting_ends_at": 1761195666.0977697,
      "time_remaining": 299.9999921321869,
      "votes": {},
      "vote_count": 0,
      "result": null
    }
  ],
  "history": [],
  "stats": {
    "total_proposals": 3,
    "approved_proposals": 0,
    "rejected_proposals": 0,
    "expired_proposals": 0,
    "total_votes": 0
  }
}