{
  "proposals": [
    {
      "proposal_id": "prop_1761189860_0",
      "proposal_type": "policy_update",
      "title": "Staging Test Proposal",
      "description": "Testing consensus in staging deployment",
      "data": {
        "test": true,
        "timestamp": 1761189860.324963
      },
      "proposer_node_id": "a5cd74fd-bcf2-4e00-aaa7-fe39b45ed9d1",
      "status": "voting",
      "created_at": 1761189860.3258545,
      "voting_ends_at": 1761190160.325855,
      "time_remaining": 299.99999380111694,
      "votes": {},
      "vote_count": 0,
      "result": null
    }
  ],
  "history": [],
  "stats": {
    "total_proposals": 1,
    "approved_proposals": 0,
    "rejected_proposals": 0,
    "expired_proposals": 0,
    "total_votes": 0
  }
}