{
  "developers": [
    {
      "developer_id": "dev-abd37ea888b0d764",
      "username": "john_dev",
      "email": "john@example.com",
      "password_hash": "ef92b778bafe771e89245b89ecbc08a44a4e166c06659911881f383d4473e94f",
      "api_key": "0CMCKfYmEe_lksYFWUmQG3MlfHaPEDv9xSkpqWF9n7c",
      "created_at": "2025-10-23T11:05:36.613265",
      "verified": true,
      "published_plugins": []
    },
    {
      "developer_id": "dev-f0ec08f12e300c2a",
      "username": "validation_dev001",
      "email": "validation_dev001@test.com",
      "password_hash": "67dafc9ecaa7d08d35bc0ab67dde6ac29aec6faf70c17266be868f097d262dc1",
      "api_key": "H5FfQI3dZM6bqPqRO8RLj_BnM0vrLPOgiOCAh9YW8Rw",
      "created_at": "2025-10-23T13:12:34.733859",
      "verified": true,
      "published_plugins": []
    },
    {
      "developer_id": "dev-fe84e468e381129c",
      "username": "security_test_1761225163",
      "email": "security_test_1761225163@test.com",
      "password_hash": "67dafc9ecaa7d08d35bc0ab67dde6ac29aec6faf70c17266be868f097d262dc1",
      "api_key": "tBuX5FXd2XfdxV9-p3oNoUDKupj6kK0uclje1hDiogo",
      "created_at": "2025-10-23T13:12:43.245562",
      "verified": true,
      "published_plugins": []
    },
    {
      "developer_id": "dev-2c90b7d4263bba28",
      "username": "weakpass_test_1761225163",
      "email": "weakpass_1761225163@test.com",
      "password_hash": "a665a45920422f9d417e4867efdc4fb8a04a1f3fff1fa07e998e86f7f7a27ae3",
      "api_key": "VlaeVWXFY2gyMq5XMEc6lY0QGPDRg4IwgglBE7B9ZeA",
      "created_at": "2025-10-23T13:12:43.257649",
      "verified": true,
      "published_plugins": []
    },
    {
      "developer_id": "dev-ea95b5f9229f49c6",
      "username": "test_dev_1761230302",
      "email": "test_1761230302@example.com",
      "password_hash": "6faba6e4ed724c5b54fad19eca98923e2198cdbba78db5e74672c83217fb33a6",
      "api_key": "ZoPhC32wwA4RjNLBHJ0z2ozBlN-8maodAMiol3ydX_U",
      "created_at": "2025-10-23T14:38:22.621543",
      "verified": true,
      "published_plugins": []
    },
    {
      "developer_id": "dev-122ab4e488c3df9c",
      "username": "test_tax_dev_1761230302",
      "email": "test_tax_1761230302@example.com",
      "password_hash": "6faba6e4ed724c5b54fad19eca98923e2198cdbba78db5e74672c83217fb33a6",
      "api_key": "Q8N5sY5iJniyblp986mhPEfYnOT73EXi1oQTR8Jwo8c",
      "created_at": "2025-10-23T14:38:22.627271",
      "verified": true,
      "published_plugins": []
    },
    {
      "developer_id": "dev-4086c5a73859a6d8",
      "username": "test_pricing_dev_1761230302",
      "email": "test_pricing_1761230302@example.com",
      "password_hash": "6faba6e4ed724c5b54fad19eca98923e2198cdbba78db5e74672c83217fb33a6",
      "api_key": "tsKqTn7IEsc9lt6AAtMlQuqfm0kL3hw1gpre4-O-gfk",
      "created_at": "2025-10-23T14:38:22.632985",
      "verified": true,
      "published_plugins": []
    },
    {
      "developer_id": "dev-6097bfe86e39444c",
      "username": "test_verify_dev_1761230302",
      "email": "test_verify_1761230302@example.com",
      "password_hash": "6faba6e4ed724c5b54fad19eca98923e2198cdbba78db5e74672c83217fb33a6",
      "api_key": "o-Vn8arN0F-bmob7UUgmuRZkmq_iuq_zKWQRmGcAPk4",
      "created_at": "2025-10-23T14:38:22.638205",
      "verified": true,
      "published_plugins": []
    },
    {
      "developer_id": "dev-be159bd7c4dee265",
      "username": "test_dev_1761230397",
      "email": "test_1761230397@example.com",
      "password_hash": "6faba6e4ed724c5b54fad19eca98923e2198cdbba78db5e74672c83217fb33a6",
      "api_key": "ATxp2dxUGnqS_Rh5VltA3VzuQd2PtMYRP1vZvmgRtE4",
      "created_at": "2025-10-23T14:39:57.176692",
      "verified": true,
      "published_plugins": []
    },
    {
      "developer_id": "dev-5418e37b9c7123f9",
      "username": "test_dev_1761230447",
      "email": "test_1761230447@example.com",
      "password_hash": "6faba6e4ed724c5b54fad19eca98923e2198cdbba78db5e74672c83217fb33a6",
      "api_key": "PZINbUCn6rwWah_oZAD0I6Vdxo5e9S6S1ZBWUDUcVaY",
      "created_at": "2025-10-23T14:40:47.689666",
      "verified": true,
      "published_plugins": []
    },
    {
      "developer_id": "dev-f0e3d9c0f7e10025",
      "username": "test_tax_dev_1761230447",
      "email": "test_tax_1761230447@example.com",
      "password_hash": "6faba6e4ed724c5b54fad19eca98923e2198cdbba78db5e74672c83217fb33a6",
      "api_key": "tdhU7y4vB7v3zkRHj-jTZZXU7nVTph3-8lllgqilC0o",
      "created_at": "2025-10-23T14:40:47.693651",
      "verified": true,
      "published_plugins": []
    },
    {
      "developer_id": "dev-ed6d02cfd8c8d051",
      "username": "test_pricing_dev_1761230447",
      "email": "test_pricing_1761230447@example.com",
      "password_hash": "6faba6e4ed724c5b54fad19eca98923e2198cdbba78db5e74672c83217fb33a6",
      "api_key": "IJag74RVvS5zbqqlquhTzp29E25WazNMHZn3KkIQ1uA",
      "created_at": "2025-10-23T14:40:47.708671",
      "verified": true,
      "published_plugins": []
    },
    {
      "developer_id": "dev-20ef9c3f362c471b",
      "username": "test_verify_dev_1761230447",
      "email": "test_verify_1761230447@example.com",
      "password_hash": "6faba6e4ed724c5b54fad19eca98923e2198cdbba78db5e74672c83217fb33a6",
      "api_key": "0J1Yph7GZlKZ6XY4G5HW1f3Y90V-V-Cr0hfVEyFtzTY",
      "created_at": "2025-10-23T14:40:47.714452",
      "verified": true,
      "published_plugins": []
    },
    {
      "developer_id": "dev-767eca1151f523b7",
      "username": "test_dev_1761230477",
      "email": "test_1761230477@example.com",
      "password_hash": "6faba6e4ed724c5b54fad19eca98923e2198cdbba78db5e74672c83217fb33a6",
      "api_key": "AnlQz-C7vYLzS5PNLpwZrIGG4SE4e3NZQYyPgksggck",
      "created_at": "2025-10-23T14:41:17.316067",
      "verified": true,
      "published_plugins": []
    },
    {
      "developer_id": "dev-62e8bbf1bcbd531e",
      "username": "test_tax_dev_1761230477",
      "email": "test_tax_1761230477@example.com",
      "password_hash": "6faba6e4ed724c5b54fad19eca98923e2198cdbba78db5e74672c83217fb33a6",
      "api_key": "PRc7oFVO4IIcj_5Rpdl3WDpZyFtbXP1z0JP6XztTBU8",
      "created_at": "2025-10-23T14:41:17.319408",
      "verified": true,
      "published_plugins": []
    },
    {
      "developer_id": "dev-6d48fc3897f0454d",
      "username": "test_pricing_dev_1761230477",
      "email": "test_pricing_1761230477@example.com",
      "password_hash": "6faba6e4ed724c5b54fad19eca98923e2198cdbba78db5e74672c83217fb33a6",
      "api_key": "N92CvP0yElXXA8jwuVIDfvaXPoIP9Re2JyhP0RsmhZY",
      "created_at": "2025-10-23T14:41:17.325714",
      "verified": true,
      "published_plugins": []
    },
    {
      "developer_id": "dev-2bfe1694f4798603",
      "username": "test_verify_dev_1761230477",
      "email": "test_verify_1761230477@example.com",
      "password_hash": "6faba6e4ed724c5b54fad19eca98923e2198cdbba78db5e74672c83217fb33a6",
      "api_key": "eUHxivErgBMjN9yNX1YTsLRP612TBo4So1kPk3POaBU",
      "created_at": "2025-10-23T14:41:17.330884",
      "verified": true,
      "published_plugins": []
    },
    {
      "developer_id": "dev-a2fd8e1d99c4f3b9",
      "username": "test_dev_1761230565",
      "email": "test_1761230565@example.com",
      "password_hash": "6faba6e4ed724c5b54fad19eca98923e2198cdbba78db5e74672c83217fb33a6",
      "api_key": "dy7IMHdI9NxbcnF3tEiUHDuEkkPRS_4DUS7Ir5s0PzY",
      "created_at": "2025-10-23T14:42:45.918571",
      "verified": true,
      "published_plugins": []
    },
    {
      "developer_id": "dev-70fad00c89221672",
      "username": "test_tax_dev_1761230565",
      "email": "test_tax_1761230565@example.com",
      "password_hash": "6faba6e4ed724c5b54fad19eca98923e2198cdbba78db5e74672c83217fb33a6",
      "api_key": "xs3v6udyvg1WL-EEYd4YVg9IkiRZgjygzqfPXzjb6H4",
      "created_at": "2025-10-23T14:42:45.924839",
      "verified": true,
      "published_plugins": []
    },
    {
      "developer_id": "dev-0d074b3fcd4d2262",
      "username": "dev_1761230694",
      "email": "dev_1761230694@test.com",
      "password_hash": "46708f23d682fef9aa996ecbb139bfb6c9ffdc039905ad6ad5c85a88b9411d97",
      "api_key": "y5fHXUyA-PbOF36A9QH-lDorbpyyHPOiRj9PO8cDXEg",
      "created_at": "2025-10-23T14:44:54.035787",
      "verified": true,
      "published_plugins": []
    },
    {
      "developer_id": "dev-d0f6fd69ce58f111",
      "username": "taxdev_1761230694",
      "email": "taxdev_1761230694@test.com",
      "password_hash": "46708f23d682fef9aa996ecbb139bfb6c9ffdc039905ad6ad5c85a88b9411d97",
      "api_key": "1uildvSvwLZ9Cur5rIS-zYVrjdk_-jSJYr5NCRkyfjM",
      "created_at": "2025-10-23T14:44:54.040090",
      "verified": true,
      "published_plugins": []
    }
  ]
}