{
  "developers": [
    {
      "developer_id": "dev-abd37ea888b0d764",
      "username": "john_dev",
      "email": "john@example.com",
      "password_hash": "ef92b778bafe771e89245b89ecbc08a44a4e166c06659911881f383d4473e94f",
      "api_key": "0CMCKfYmEe_lksYFWUmQG3MlfHaPEDv9xSkpqWF9n7c",
      "created_at": "2025-10-23T11:05:36.613265",
      "verified": true,
      "published_plugins": []
    },
    {
      "developer_id": "dev-f0ec08f12e300c2a",
      "username": "validation_dev001",
      "email": "validation_dev001@test.com",
      "password_hash": "67dafc9ecaa7d08d35bc0ab67dde6ac29aec6faf70c17266be868f097d262dc1",
      "api_key": "H5FfQI3dZM6bqPqRO8RLj_BnM0vrLPOgiOCAh9YW8Rw",
      "created_at": "2025-10-23T13:12:34.733859",
      "verified": true,
      "published_plugins": []
    },
    {
      "developer_id": "dev-fe84e468e381129c",
      "username": "security_test_1761225163",
      "email": "security_test_1761225163@test.com",
      "password_hash": "67dafc9ecaa7d08d35bc0ab67dde6ac29aec6faf70c17266be868f097d262dc1",
      "api_key": "tBuX5FXd2XfdxV9-p3oNoUDKupj6kK0uclje1hDiogo",
      "created_at": "2025-10-23T13:12:43.245562",
      "verified": true,
      "published_plugins": []
    },
    {
      "developer_id": "dev-2c90b7d4263bba28",
      "username": "weakpass_test_1761225163",
      "email": "weakpass_1761225163@test.com",
      "password_hash": "a665a45920422f9d417e4867efdc4fb8a04a1f3fff1fa07e998e86f7f7a27ae3",
      "api_key": "VlaeVWXFY2gyMq5XMEc6lY0QGPDRg4IwgglBE7B9ZeA",
      "created_at": "2025-10-23T13:12:43.257649",
      "verified": true,
      "published_plugins": []
    }
  ]
}