{
  "templates": {
    "agent_config_planner_1761114341": {
      "template_id": "agent_config_planner_1761114341",
      "template_type": "agent_configuration",
      "agent_id": "planner",
      "name": "High-Performance Planner Configuration",
      "description": "Configuration based on 60 tasks across 3 projects with 90.0% success rate",
      "success_rate": 0.9,
      "avg_duration": 2.5,
      "configuration": {
        "timeout": 6.25,
        "max_retries": 2,
        "priority": "normal",
        "max_concurrent": 3
      },
      "task_types": [
        "plan"
      ],
      "confidence": 0.9,
      "created_at": 1761114341.2876108
    },
    "optimization_profile_1761114341": {
      "template_id": "optimization_profile_1761114341",
      "template_type": "optimization_profile",
      "name": "Global Optimization Profile",
      "description": "Optimization profile with 6 learned policies from global knowledge",
      "policies": {
        "agent_assignment": [
          {
            "policy_id": "agent_assignment_plan",
            "description": "Agent planner has highest reward score (0.950) for plan tasks across projects",
            "confidence": 0.9500000000000001
          },
          {
            "policy_id": "agent_assignment_build",
            "description": "Agent builder has highest reward score (0.900) for build tasks across projects",
            "confidence": 0.9000000000000001
          }
        ],
        "timeout_configuration": [
          {
            "policy_id": "timeout_planner",
            "description": "Based on 60 tasks across 3 projects",
            "confidence": 0.8
          },
          {
            "policy_id": "timeout_builder",
            "description": "Based on 60 tasks across 3 projects",
            "confidence": 0.8
          }
        ],
        "retry_strategy": [
          {
            "policy_id": "retry_planner",
            "description": "Success rate 90.0% suggests 1 retries optimal",
            "confidence": 0.75
          },
          {
            "policy_id": "retry_builder",
            "description": "Success rate 80.0% suggests 2 retries optimal",
            "confidence": 0.75
          }
        ]
      },
      "expected_improvement": 0.15,
      "confidence": 0.8,
      "created_at": 1761114341.2876925
    },
    "agent_config_planner_1761114343": {
      "template_id": "agent_config_planner_1761114343",
      "template_type": "agent_configuration",
      "agent_id": "planner",
      "name": "High-Performance Planner Configuration",
      "description": "Configuration based on 60 tasks across 3 projects with 90.0% success rate",
      "success_rate": 0.9,
      "avg_duration": 2.5,
      "configuration": {
        "timeout": 6.25,
        "max_retries": 2,
        "priority": "normal",
        "max_concurrent": 3
      },
      "task_types": [
        "plan"
      ],
      "confidence": 0.9,
      "created_at": 1761114343.2938201
    },
    "optimization_profile_1761114343": {
      "template_id": "optimization_profile_1761114343",
      "template_type": "optimization_profile",
      "name": "Global Optimization Profile",
      "description": "Optimization profile with 6 learned policies from global knowledge",
      "policies": {
        "agent_assignment": [
          {
            "policy_id": "agent_assignment_plan",
            "description": "Agent planner has highest reward score (0.950) for plan tasks across projects",
            "confidence": 0.9500000000000001
          },
          {
            "policy_id": "agent_assignment_build",
            "description": "Agent builder has highest reward score (0.900) for build tasks across projects",
            "confidence": 0.9000000000000001
          }
        ],
        "timeout_configuration": [
          {
            "policy_id": "timeout_planner",
            "description": "Based on 60 tasks across 3 projects",
            "confidence": 0.8
          },
          {
            "policy_id": "timeout_builder",
            "description": "Based on 60 tasks across 3 projects",
            "confidence": 0.8
          }
        ],
        "retry_strategy": [
          {
            "policy_id": "retry_planner",
            "description": "Success rate 90.0% suggests 1 retries optimal",
            "confidence": 0.75
          },
          {
            "policy_id": "retry_builder",
            "description": "Success rate 80.0% suggests 2 retries optimal",
            "confidence": 0.75
          }
        ]
      },
      "expected_improvement": 0.15,
      "confidence": 0.8,
      "created_at": 1761114343.293899
    },
    "agent_config_planner_1761189406": {
      "template_id": "agent_config_planner_1761189406",
      "template_type": "agent_configuration",
      "agent_id": "planner",
      "name": "High-Performance Planner Configuration",
      "description": "Configuration based on 60 tasks across 3 projects with 90.0% success rate",
      "success_rate": 0.9,
      "avg_duration": 2.5,
      "configuration": {
        "timeout": 6.25,
        "max_retries": 2,
        "priority": "normal",
        "max_concurrent": 3
      },
      "task_types": [
        "plan"
      ],
      "confidence": 0.9,
      "created_at": 1761189406.6842706
    },
    "optimization_profile_1761189406": {
      "template_id": "optimization_profile_1761189406",
      "template_type": "optimization_profile",
      "name": "Global Optimization Profile",
      "description": "Optimization profile with 6 learned policies from global knowledge",
      "policies": {
        "agent_assignment": [
          {
            "policy_id": "agent_assignment_plan",
            "description": "Agent planner has highest reward score (0.950) for plan tasks across projects",
            "confidence": 0.9500000000000001
          },
          {
            "policy_id": "agent_assignment_build",
            "description": "Agent builder has highest reward score (0.900) for build tasks across projects",
            "confidence": 0.9000000000000001
          }
        ],
        "timeout_configuration": [
          {
            "policy_id": "timeout_planner",
            "description": "Based on 60 tasks across 3 projects",
            "confidence": 0.8
          },
          {
            "policy_id": "timeout_builder",
            "description": "Based on 60 tasks across 3 projects",
            "confidence": 0.8
          }
        ],
        "retry_strategy": [
          {
            "policy_id": "retry_planner",
            "description": "Success rate 90.0% suggests 1 retries optimal",
            "confidence": 0.75
          },
          {
            "policy_id": "retry_builder",
            "description": "Success rate 80.0% suggests 2 retries optimal",
            "confidence": 0.75
          }
        ]
      },
      "expected_improvement": 0.15,
      "confidence": 0.8,
      "created_at": 1761189406.6843598
    },
    "agent_config_planner_1761189526": {
      "template_id": "agent_config_planner_1761189526",
      "template_type": "agent_configuration",
      "agent_id": "planner",
      "name": "High-Performance Planner Configuration",
      "description": "Configuration based on 60 tasks across 3 projects with 90.0% success rate",
      "success_rate": 0.9,
      "avg_duration": 2.5,
      "configuration": {
        "timeout": 6.25,
        "max_retries": 2,
        "priority": "normal",
        "max_concurrent": 3
      },
      "task_types": [
        "plan"
      ],
      "confidence": 0.9,
      "created_at": 1761189526.6868305
    },
    "optimization_profile_1761189526": {
      "template_id": "optimization_profile_1761189526",
      "template_type": "optimization_profile",
      "name": "Global Optimization Profile",
      "description": "Optimization profile with 6 learned policies from global knowledge",
      "policies": {
        "agent_assignment": [
          {
            "policy_id": "agent_assignment_plan",
            "description": "Agent planner has highest reward score (0.950) for plan tasks across projects",
            "confidence": 0.9500000000000001
          },
          {
            "policy_id": "agent_assignment_build",
            "description": "Agent builder has highest reward score (0.900) for build tasks across projects",
            "confidence": 0.9000000000000001
          }
        ],
        "timeout_configuration": [
          {
            "policy_id": "timeout_planner",
            "description": "Based on 60 tasks across 3 projects",
            "confidence": 0.8
          },
          {
            "policy_id": "timeout_builder",
            "description": "Based on 60 tasks across 3 projects",
            "confidence": 0.8
          }
        ],
        "retry_strategy": [
          {
            "policy_id": "retry_planner",
            "description": "Success rate 90.0% suggests 1 retries optimal",
            "confidence": 0.75
          },
          {
            "policy_id": "retry_builder",
            "description": "Success rate 80.0% suggests 2 retries optimal",
            "confidence": 0.75
          }
        ]
      },
      "expected_improvement": 0.15,
      "confidence": 0.8,
      "created_at": 1761189526.6869075
    },
    "agent_config_planner_1761189646": {
      "template_id": "agent_config_planner_1761189646",
      "template_type": "agent_configuration",
      "agent_id": "planner",
      "name": "High-Performance Planner Configuration",
      "description": "Configuration based on 60 tasks across 3 projects with 90.0% success rate",
      "success_rate": 0.9,
      "avg_duration": 2.5,
      "configuration": {
        "timeout": 6.25,
        "max_retries": 2,
        "priority": "normal",
        "max_concurrent": 3
      },
      "task_types": [
        "plan"
      ],
      "confidence": 0.9,
      "created_at": 1761189646.6916323
    },
    "optimization_profile_1761189646": {
      "template_id": "optimization_profile_1761189646",
      "template_type": "optimization_profile",
      "name": "Global Optimization Profile",
      "description": "Optimization profile with 6 learned policies from global knowledge",
      "policies": {
        "agent_assignment": [
          {
            "policy_id": "agent_assignment_plan",
            "description": "Agent planner has highest reward score (0.950) for plan tasks across projects",
            "confidence": 0.9500000000000001
          },
          {
            "policy_id": "agent_assignment_build",
            "description": "Agent builder has highest reward score (0.900) for build tasks across projects",
            "confidence": 0.9000000000000001
          }
        ],
        "timeout_configuration": [
          {
            "policy_id": "timeout_planner",
            "description": "Based on 60 tasks across 3 projects",
            "confidence": 0.8
          },
          {
            "policy_id": "timeout_builder",
            "description": "Based on 60 tasks across 3 projects",
            "confidence": 0.8
          }
        ],
        "retry_strategy": [
          {
            "policy_id": "retry_planner",
            "description": "Success rate 90.0% suggests 1 retries optimal",
            "confidence": 0.75
          },
          {
            "policy_id": "retry_builder",
            "description": "Success rate 80.0% suggests 2 retries optimal",
            "confidence": 0.75
          }
        ]
      },
      "expected_improvement": 0.15,
      "confidence": 0.8,
      "created_at": 1761189646.6917117
    },
    "agent_config_planner_1761189766": {
      "template_id": "agent_config_planner_1761189766",
      "template_type": "agent_configuration",
      "agent_id": "planner",
      "name": "High-Performance Planner Configuration",
      "description": "Configuration based on 60 tasks across 3 projects with 90.0% success rate",
      "success_rate": 0.9,
      "avg_duration": 2.5,
      "configuration": {
        "timeout": 6.25,
        "max_retries": 2,
        "priority": "normal",
        "max_concurrent": 3
      },
      "task_types": [
        "plan"
      ],
      "confidence": 0.9,
      "created_at": 1761189766.6957688
    },
    "optimization_profile_1761189766": {
      "template_id": "optimization_profile_1761189766",
      "template_type": "optimization_profile",
      "name": "Global Optimization Profile",
      "description": "Optimization profile with 6 learned policies from global knowledge",
      "policies": {
        "agent_assignment": [
          {
            "policy_id": "agent_assignment_plan",
            "description": "Agent planner has highest reward score (0.950) for plan tasks across projects",
            "confidence": 0.9500000000000001
          },
          {
            "policy_id": "agent_assignment_build",
            "description": "Agent builder has highest reward score (0.900) for build tasks across projects",
            "confidence": 0.9000000000000001
          }
        ],
        "timeout_configuration": [
          {
            "policy_id": "timeout_planner",
            "description": "Based on 60 tasks across 3 projects",
            "confidence": 0.8
          },
          {
            "policy_id": "timeout_builder",
            "description": "Based on 60 tasks across 3 projects",
            "confidence": 0.8
          }
        ],
        "retry_strategy": [
          {
            "policy_id": "retry_planner",
            "description": "Success rate 90.0% suggests 1 retries optimal",
            "confidence": 0.75
          },
          {
            "policy_id": "retry_builder",
            "description": "Success rate 80.0% suggests 2 retries optimal",
            "confidence": 0.75
          }
        ]
      },
      "expected_improvement": 0.15,
      "confidence": 0.8,
      "created_at": 1761189766.695845
    },
    "agent_config_planner_1761189886": {
      "template_id": "agent_config_planner_1761189886",
      "template_type": "agent_configuration",
      "agent_id": "planner",
      "name": "High-Performance Planner Configuration",
      "description": "Configuration based on 60 tasks across 3 projects with 90.0% success rate",
      "success_rate": 0.9,
      "avg_duration": 2.5,
      "configuration": {
        "timeout": 6.25,
        "max_retries": 2,
        "priority": "normal",
        "max_concurrent": 3
      },
      "task_types": [
        "plan"
      ],
      "confidence": 0.9,
      "created_at": 1761189886.6980968
    },
    "optimization_profile_1761189886": {
      "template_id": "optimization_profile_1761189886",
      "template_type": "optimization_profile",
      "name": "Global Optimization Profile",
      "description": "Optimization profile with 6 learned policies from global knowledge",
      "policies": {
        "agent_assignment": [
          {
            "policy_id": "agent_assignment_plan",
            "description": "Agent planner has highest reward score (0.950) for plan tasks across projects",
            "confidence": 0.9500000000000001
          },
          {
            "policy_id": "agent_assignment_build",
            "description": "Agent builder has highest reward score (0.900) for build tasks across projects",
            "confidence": 0.9000000000000001
          }
        ],
        "timeout_configuration": [
          {
            "policy_id": "timeout_planner",
            "description": "Based on 60 tasks across 3 projects",
            "confidence": 0.8
          },
          {
            "policy_id": "timeout_builder",
            "description": "Based on 60 tasks across 3 projects",
            "confidence": 0.8
          }
        ],
        "retry_strategy": [
          {
            "policy_id": "retry_planner",
            "description": "Success rate 90.0% suggests 1 retries optimal",
            "confidence": 0.75
          },
          {
            "policy_id": "retry_builder",
            "description": "Success rate 80.0% suggests 2 retries optimal",
            "confidence": 0.75
          }
        ]
      },
      "expected_improvement": 0.15,
      "confidence": 0.8,
      "created_at": 1761189886.698177
    },
    "agent_config_planner_1761190006": {
      "template_id": "agent_config_planner_1761190006",
      "template_type": "agent_configuration",
      "agent_id": "planner",
      "name": "High-Performance Planner Configuration",
      "description": "Configuration based on 60 tasks across 3 projects with 90.0% success rate",
      "success_rate": 0.9,
      "avg_duration": 2.5,
      "configuration": {
        "timeout": 6.25,
        "max_retries": 2,
        "priority": "normal",
        "max_concurrent": 3
      },
      "task_types": [
        "plan"
      ],
      "confidence": 0.9,
      "created_at": 1761190006.7005942
    },
    "optimization_profile_1761190006": {
      "template_id": "optimization_profile_1761190006",
      "template_type": "optimization_profile",
      "name": "Global Optimization Profile",
      "description": "Optimization profile with 6 learned policies from global knowledge",
      "policies": {
        "agent_assignment": [
          {
            "policy_id": "agent_assignment_plan",
            "description": "Agent planner has highest reward score (0.950) for plan tasks across projects",
            "confidence": 0.9500000000000001
          },
          {
            "policy_id": "agent_assignment_build",
            "description": "Agent builder has highest reward score (0.900) for build tasks across projects",
            "confidence": 0.9000000000000001
          }
        ],
        "timeout_configuration": [
          {
            "policy_id": "timeout_planner",
            "description": "Based on 60 tasks across 3 projects",
            "confidence": 0.8
          },
          {
            "policy_id": "timeout_builder",
            "description": "Based on 60 tasks across 3 projects",
            "confidence": 0.8
          }
        ],
        "retry_strategy": [
          {
            "policy_id": "retry_planner",
            "description": "Success rate 90.0% suggests 1 retries optimal",
            "confidence": 0.75
          },
          {
            "policy_id": "retry_builder",
            "description": "Success rate 80.0% suggests 2 retries optimal",
            "confidence": 0.75
          }
        ]
      },
      "expected_improvement": 0.15,
      "confidence": 0.8,
      "created_at": 1761190006.7006779
    },
    "agent_config_planner_1761190126": {
      "template_id": "agent_config_planner_1761190126",
      "template_type": "agent_configuration",
      "agent_id": "planner",
      "name": "High-Performance Planner Configuration",
      "description": "Configuration based on 60 tasks across 3 projects with 90.0% success rate",
      "success_rate": 0.9,
      "avg_duration": 2.5,
      "configuration": {
        "timeout": 6.25,
        "max_retries": 2,
        "priority": "normal",
        "max_concurrent": 3
      },
      "task_types": [
        "plan"
      ],
      "confidence": 0.9,
      "created_at": 1761190126.7046983
    },
    "optimization_profile_1761190126": {
      "template_id": "optimization_profile_1761190126",
      "template_type": "optimization_profile",
      "name": "Global Optimization Profile",
      "description": "Optimization profile with 6 learned policies from global knowledge",
      "policies": {
        "agent_assignment": [
          {
            "policy_id": "agent_assignment_plan",
            "description": "Agent planner has highest reward score (0.950) for plan tasks across projects",
            "confidence": 0.9500000000000001
          },
          {
            "policy_id": "agent_assignment_build",
            "description": "Agent builder has highest reward score (0.900) for build tasks across projects",
            "confidence": 0.9000000000000001
          }
        ],
        "timeout_configuration": [
          {
            "policy_id": "timeout_planner",
            "description": "Based on 60 tasks across 3 projects",
            "confidence": 0.8
          },
          {
            "policy_id": "timeout_builder",
            "description": "Based on 60 tasks across 3 projects",
            "confidence": 0.8
          }
        ],
        "retry_strategy": [
          {
            "policy_id": "retry_planner",
            "description": "Success rate 90.0% suggests 1 retries optimal",
            "confidence": 0.75
          },
          {
            "policy_id": "retry_builder",
            "description": "Success rate 80.0% suggests 2 retries optimal",
            "confidence": 0.75
          }
        ]
      },
      "expected_improvement": 0.15,
      "confidence": 0.8,
      "created_at": 1761190126.704774
    },
    "agent_config_planner_1761190246": {
      "template_id": "agent_config_planner_1761190246",
      "template_type": "agent_configuration",
      "agent_id": "planner",
      "name": "High-Performance Planner Configuration",
      "description": "Configuration based on 60 tasks across 3 projects with 90.0% success rate",
      "success_rate": 0.9,
      "avg_duration": 2.5,
      "configuration": {
        "timeout": 6.25,
        "max_retries": 2,
        "priority": "normal",
        "max_concurrent": 3
      },
      "task_types": [
        "plan"
      ],
      "confidence": 0.9,
      "created_at": 1761190246.709779
    },
    "optimization_profile_1761190246": {
      "template_id": "optimization_profile_1761190246",
      "template_type": "optimization_profile",
      "name": "Global Optimization Profile",
      "description": "Optimization profile with 6 learned policies from global knowledge",
      "policies": {
        "agent_assignment": [
          {
            "policy_id": "agent_assignment_plan",
            "description": "Agent planner has highest reward score (0.950) for plan tasks across projects",
            "confidence": 0.9500000000000001
          },
          {
            "policy_id": "agent_assignment_build",
            "description": "Agent builder has highest reward score (0.900) for build tasks across projects",
            "confidence": 0.9000000000000001
          }
        ],
        "timeout_configuration": [
          {
            "policy_id": "timeout_planner",
            "description": "Based on 60 tasks across 3 projects",
            "confidence": 0.8
          },
          {
            "policy_id": "timeout_builder",
            "description": "Based on 60 tasks across 3 projects",
            "confidence": 0.8
          }
        ],
        "retry_strategy": [
          {
            "policy_id": "retry_planner",
            "description": "Success rate 90.0% suggests 1 retries optimal",
            "confidence": 0.75
          },
          {
            "policy_id": "retry_builder",
            "description": "Success rate 80.0% suggests 2 retries optimal",
            "confidence": 0.75
          }
        ]
      },
      "expected_improvement": 0.15,
      "confidence": 0.8,
      "created_at": 1761190246.709851
    },
    "agent_config_planner_1761190366": {
      "template_id": "agent_config_planner_1761190366",
      "template_type": "agent_configuration",
      "agent_id": "planner",
      "name": "High-Performance Planner Configuration",
      "description": "Configuration based on 60 tasks across 3 projects with 90.0% success rate",
      "success_rate": 0.9,
      "avg_duration": 2.5,
      "configuration": {
        "timeout": 6.25,
        "max_retries": 2,
        "priority": "normal",
        "max_concurrent": 3
      },
      "task_types": [
        "plan"
      ],
      "confidence": 0.9,
      "created_at": 1761190366.7108405
    },
    "optimization_profile_1761190366": {
      "template_id": "optimization_profile_1761190366",
      "template_type": "optimization_profile",
      "name": "Global Optimization Profile",
      "description": "Optimization profile with 6 learned policies from global knowledge",
      "policies": {
        "agent_assignment": [
          {
            "policy_id": "agent_assignment_plan",
            "description": "Agent planner has highest reward score (0.950) for plan tasks across projects",
            "confidence": 0.9500000000000001
          },
          {
            "policy_id": "agent_assignment_build",
            "description": "Agent builder has highest reward score (0.900) for build tasks across projects",
            "confidence": 0.9000000000000001
          }
        ],
        "timeout_configuration": [
          {
            "policy_id": "timeout_planner",
            "description": "Based on 60 tasks across 3 projects",
            "confidence": 0.8
          },
          {
            "policy_id": "timeout_builder",
            "description": "Based on 60 tasks across 3 projects",
            "confidence": 0.8
          }
        ],
        "retry_strategy": [
          {
            "policy_id": "retry_planner",
            "description": "Success rate 90.0% suggests 1 retries optimal",
            "confidence": 0.75
          },
          {
            "policy_id": "retry_builder",
            "description": "Success rate 80.0% suggests 2 retries optimal",
            "confidence": 0.75
          }
        ]
      },
      "expected_improvement": 0.15,
      "confidence": 0.8,
      "created_at": 1761190366.7109146
    },
    "agent_config_planner_1761190486": {
      "template_id": "agent_config_planner_1761190486",
      "template_type": "agent_configuration",
      "agent_id": "planner",
      "name": "High-Performance Planner Configuration",
      "description": "Configuration based on 60 tasks across 3 projects with 90.0% success rate",
      "success_rate": 0.9,
      "avg_duration": 2.5,
      "configuration": {
        "timeout": 6.25,
        "max_retries": 2,
        "priority": "normal",
        "max_concurrent": 3
      },
      "task_types": [
        "plan"
      ],
      "confidence": 0.9,
      "created_at": 1761190486.7146122
    },
    "optimization_profile_1761190486": {
      "template_id": "optimization_profile_1761190486",
      "template_type": "optimization_profile",
      "name": "Global Optimization Profile",
      "description": "Optimization profile with 6 learned policies from global knowledge",
      "policies": {
        "agent_assignment": [
          {
            "policy_id": "agent_assignment_plan",
            "description": "Agent planner has highest reward score (0.950) for plan tasks across projects",
            "confidence": 0.9500000000000001
          },
          {
            "policy_id": "agent_assignment_build",
            "description": "Agent builder has highest reward score (0.900) for build tasks across projects",
            "confidence": 0.9000000000000001
          }
        ],
        "timeout_configuration": [
          {
            "policy_id": "timeout_planner",
            "description": "Based on 60 tasks across 3 projects",
            "confidence": 0.8
          },
          {
            "policy_id": "timeout_builder",
            "description": "Based on 60 tasks across 3 projects",
            "confidence": 0.8
          }
        ],
        "retry_strategy": [
          {
            "policy_id": "retry_planner",
            "description": "Success rate 90.0% suggests 1 retries optimal",
            "confidence": 0.75
          },
          {
            "policy_id": "retry_builder",
            "description": "Success rate 80.0% suggests 2 retries optimal",
            "confidence": 0.75
          }
        ]
      },
      "expected_improvement": 0.15,
      "confidence": 0.8,
      "created_at": 1761190486.7147026
    },
    "agent_config_planner_1761190606": {
      "template_id": "agent_config_planner_1761190606",
      "template_type": "agent_configuration",
      "agent_id": "planner",
      "name": "High-Performance Planner Configuration",
      "description": "Configuration based on 60 tasks across 3 projects with 90.0% success rate",
      "success_rate": 0.9,
      "avg_duration": 2.5,
      "configuration": {
        "timeout": 6.25,
        "max_retries": 2,
        "priority": "normal",
        "max_concurrent": 3
      },
      "task_types": [
        "plan"
      ],
      "confidence": 0.9,
      "created_at": 1761190606.721193
    },
    "optimization_profile_1761190606": {
      "template_id": "optimization_profile_1761190606",
      "template_type": "optimization_profile",
      "name": "Global Optimization Profile",
      "description": "Optimization profile with 6 learned policies from global knowledge",
      "policies": {
        "agent_assignment": [
          {
            "policy_id": "agent_assignment_plan",
            "description": "Agent planner has highest reward score (0.950) for plan tasks across projects",
            "confidence": 0.9500000000000001
          },
          {
            "policy_id": "agent_assignment_build",
            "description": "Agent builder has highest reward score (0.900) for build tasks across projects",
            "confidence": 0.9000000000000001
          }
        ],
        "timeout_configuration": [
          {
            "policy_id": "timeout_planner",
            "description": "Based on 60 tasks across 3 projects",
            "confidence": 0.8
          },
          {
            "policy_id": "timeout_builder",
            "description": "Based on 60 tasks across 3 projects",
            "confidence": 0.8
          }
        ],
        "retry_strategy": [
          {
            "policy_id": "retry_planner",
            "description": "Success rate 90.0% suggests 1 retries optimal",
            "confidence": 0.75
          },
          {
            "policy_id": "retry_builder",
            "description": "Success rate 80.0% suggests 2 retries optimal",
            "confidence": 0.75
          }
        ]
      },
      "expected_improvement": 0.15,
      "confidence": 0.8,
      "created_at": 1761190606.7212703
    }
  },
  "application_history": [],
  "stats": {
    "templates_created": 48,
    "templates_applied": 0,
    "avg_improvement": 0.0,
    "successful_applications": 0
  }
}