{
  "templates": {
    "agent_config_planner_1761114341": {
      "template_id": "agent_config_planner_1761114341",
      "template_type": "agent_configuration",
      "agent_id": "planner",
      "name": "High-Performance Planner Configuration",
      "description": "Configuration based on 60 tasks across 3 projects with 90.0% success rate",
      "success_rate": 0.9,
      "avg_duration": 2.5,
      "configuration": {
        "timeout": 6.25,
        "max_retries": 2,
        "priority": "normal",
        "max_concurrent": 3
      },
      "task_types": [
        "plan"
      ],
      "confidence": 0.9,
      "created_at": 1761114341.2876108
    },
    "optimization_profile_1761114341": {
      "template_id": "optimization_profile_1761114341",
      "template_type": "optimization_profile",
      "name": "Global Optimization Profile",
      "description": "Optimization profile with 6 learned policies from global knowledge",
      "policies": {
        "agent_assignment": [
          {
            "policy_id": "agent_assignment_plan",
            "description": "Agent planner has highest reward score (0.950) for plan tasks across projects",
            "confidence": 0.9500000000000001
          },
          {
            "policy_id": "agent_assignment_build",
            "description": "Agent builder has highest reward score (0.900) for build tasks across projects",
            "confidence": 0.9000000000000001
          }
        ],
        "timeout_configuration": [
          {
            "policy_id": "timeout_planner",
            "description": "Based on 60 tasks across 3 projects",
            "confidence": 0.8
          },
          {
            "policy_id": "timeout_builder",
            "description": "Based on 60 tasks across 3 projects",
            "confidence": 0.8
          }
        ],
        "retry_strategy": [
          {
            "policy_id": "retry_planner",
            "description": "Success rate 90.0% suggests 1 retries optimal",
            "confidence": 0.75
          },
          {
            "policy_id": "retry_builder",
            "description": "Success rate 80.0% suggests 2 retries optimal",
            "confidence": 0.75
          }
        ]
      },
      "expected_improvement": 0.15,
      "confidence": 0.8,
      "created_at": 1761114341.2876925
    },
    "agent_config_planner_1761114343": {
      "template_id": "agent_config_planner_1761114343",
      "template_type": "agent_configuration",
      "agent_id": "planner",
      "name": "High-Performance Planner Configuration",
      "description": "Configuration based on 60 tasks across 3 projects with 90.0% success rate",
      "success_rate": 0.9,
      "avg_duration": 2.5,
      "configuration": {
        "timeout": 6.25,
        "max_retries": 2,
        "priority": "normal",
        "max_concurrent": 3
      },
      "task_types": [
        "plan"
      ],
      "confidence": 0.9,
      "created_at": 1761114343.2938201
    },
    "optimization_profile_1761114343": {
      "template_id": "optimization_profile_1761114343",
      "template_type": "optimization_profile",
      "name": "Global Optimization Profile",
      "description": "Optimization profile with 6 learned policies from global knowledge",
      "policies": {
        "agent_assignment": [
          {
            "policy_id": "agent_assignment_plan",
            "description": "Agent planner has highest reward score (0.950) for plan tasks across projects",
            "confidence": 0.9500000000000001
          },
          {
            "policy_id": "agent_assignment_build",
            "description": "Agent builder has highest reward score (0.900) for build tasks across projects",
            "confidence": 0.9000000000000001
          }
        ],
        "timeout_configuration": [
          {
            "policy_id": "timeout_planner",
            "description": "Based on 60 tasks across 3 projects",
            "confidence": 0.8
          },
          {
            "policy_id": "timeout_builder",
            "description": "Based on 60 tasks across 3 projects",
            "confidence": 0.8
          }
        ],
        "retry_strategy": [
          {
            "policy_id": "retry_planner",
            "description": "Success rate 90.0% suggests 1 retries optimal",
            "confidence": 0.75
          },
          {
            "policy_id": "retry_builder",
            "description": "Success rate 80.0% suggests 2 retries optimal",
            "confidence": 0.75
          }
        ]
      },
      "expected_improvement": 0.15,
      "confidence": 0.8,
      "created_at": 1761114343.293899
    }
  },
  "application_history": [],
  "stats": {
    "templates_created": 6,
    "templates_applied": 0,
    "avg_improvement": 0.0,
    "successful_applications": 0
  }
}