{
  "nodes": {
    "fabric_project_1": {
      "node_id": "fabric_project_1",
      "status": "active",
      "sync_frequency": "periodic",
      "registered_at": 1761114341.28354,
      "last_sync": 1761114341.2847257,
      "sync_count": 1,
      "failed_syncs": 0,
      "cache_size": 0,
      "metadata": {
        "created_at": 1761114341.28354,
        "sync_frequency": "periodic",
        "description": "High-performing project"
      },
      "offline_cache": []
    },
    "fabric_project_2": {
      "node_id": "fabric_project_2",
      "status": "active",
      "sync_frequency": "periodic",
      "registered_at": 1761114341.2837281,
      "last_sync": 1761114341.2849064,
      "sync_count": 1,
      "failed_syncs": 0,
      "cache_size": 0,
      "metadata": {
        "created_at": 1761114341.2837281,
        "sync_frequency": "periodic",
        "description": "Good project"
      },
      "offline_cache": []
    },
    "fabric_project_3": {
      "node_id": "fabric_project_3",
      "status": "active",
      "sync_frequency": "periodic",
      "registered_at": 1761114341.284395,
      "last_sync": 1761114341.285121,
      "sync_count": 1,
      "failed_syncs": 0,
      "cache_size": 0,
      "metadata": {
        "created_at": 1761114341.284395,
        "sync_frequency": "periodic",
        "description": "Excellent project"
      },
      "offline_cache": []
    }
  },
  "stats": {
    "total_nodes": 3,
    "active_nodes": 3,
    "total_syncs": 3,
    "failed_syncs": 0,
    "conflicts_resolved": 0
  }
}