{
  "metadata": {
    "node_id": "a5cd74fd-bcf2-4e00-aaa7-fe39b45ed9d1",
    "node_name": "cloudy-a5cd74fd",
    "version": "12.14.0",
    "capabilities": [
      "project_orchestration",
      "knowledge_aggregation",
      "cross_project_learning",
      "template_distillation"
    ],
    "location": "local",
    "created_at": 1761189293.8534336,
    "public_key": "74492490ea829103591e05ff4bd194923db96bcaa09fac48bb1a1750a130b311"
  },
  "private_key": "b54ab75d1554fb1e2a768a359dc9f997cefae66be159e7682fb9a18c9c35a8cf"
}