{
  "nodes": [
    {
      "node_id": "a5cd74fd-bcf2-4e00-aaa7-fe39b45ed9d1",
      "endpoint": "http://localhost:8001",
      "cluster": "local",
      "status": "online",
      "metadata": {
        "node_id": "a5cd74fd-bcf2-4e00-aaa7-fe39b45ed9d1",
        "node_name": "cloudy-a5cd74fd",
        "version": "12.14.0",
        "capabilities": [
          "project_orchestration",
          "knowledge_aggregation",
          "cross_project_learning",
          "template_distillation"
        ],
        "location": "local",
        "created_at": 1761189293.8534336,
        "public_key": "74492490ea829103591e05ff4bd194923db96bcaa09fac48bb1a1750a130b311"
      },
      "capabilities": [
        "project_orchestration",
        "knowledge_aggregation",
        "cross_project_learning",
        "template_distillation"
      ],
      "version": "12.14.0",
      "location": "local",
      "registered_at": 1761189406.6831627,
      "last_heartbeat": 1761190610.5342147,
      "is_alive": true,
      "stats": {
        "total_requests": 0,
        "failed_requests": 0,
        "avg_response_time": 0.0
      }
    }
  ],
  "stats": {
    "total_registrations": 1,
    "active_nodes": 1,
    "total_heartbeats": 40,
    "total_discoveries": 20
  }
}