{
  "reputations": {
    "a5cd74fd-bcf2-4e00-aaa7-fe39b45ed9d1": {
      "score": 0.6927472004506283,
      "last_update": 1761190606.7054973,
      "contributions": {
        "knowledge_share": {
          "count": 10,
          "total_quality": 7.999999999999999
        }
      },
      "penalties": [],
      "history": [
        {
          "timestamp": 1761189526.6858306,
          "type": "contribution",
          "contribution_type": "knowledge_share",
          "quality": 0.8,
          "old_score": 0.4993269550067205,
          "new_score": 0.5193269550067204
        },
        {
          "timestamp": 1761189646.6872466,
          "type": "contribution",
          "contribution_type": "knowledge_share",
          "quality": 0.8,
          "old_score": 0.5187353006380568,
          "new_score": 0.5387353006380569
        },
        {
          "timestamp": 1761189766.6895468,
          "type": "contribution",
          "contribution_type": "knowledge_share",
          "quality": 0.8,
          "old_score": 0.5381215118198328,
          "new_score": 0.5581215118198328
        },
        {
          "timestamp": 1761189886.6913872,
          "type": "contribution",
          "contribution_type": "knowledge_share",
          "quality": 0.8,
          "old_score": 0.5571394242044351,
          "new_score": 0.5771394242044351
        },
        {
          "timestamp": 1761190006.6930537,
          "type": "contribution",
          "contribution_type": "knowledge_share",
          "quality": 0.8,
          "old_score": 0.5764818281997129,
          "new_score": 0.596481828199713
        },
        {
          "timestamp": 1761190126.696341,
          "type": "contribution",
          "contribution_type": "knowledge_share",
          "quality": 0.8,
          "old_score": 0.5957951569968447,
          "new_score": 0.6157951569968447
        },
        {
          "timestamp": 1761190246.6984696,
          "type": "contribution",
          "contribution_type": "knowledge_share",
          "quality": 0.8,
          "old_score": 0.6150629271723527,
          "new_score": 0.6350629271723527
        },
        {
          "timestamp": 1761190366.7003608,
          "type": "contribution",
          "contribution_type": "knowledge_share",
          "quality": 0.8,
          "old_score": 0.6343393362877554,
          "new_score": 0.6543393362877554
        },
        {
          "timestamp": 1761190486.7031765,
          "type": "contribution",
          "contribution_type": "knowledge_share",
          "quality": 0.8,
          "old_score": 0.6535146285220189,
          "new_score": 0.6735146285220189
        },
        {
          "timestamp": 1761190606.7054975,
          "type": "contribution",
          "contribution_type": "knowledge_share",
          "quality": 0.8,
          "old_score": 0.6727472004506283,
          "new_score": 0.6927472004506283
        }
      ],
      "registered_at": 1761189406.6833286
    }
  },
  "stats": {
    "total_contributions": 10,
    "total_penalties": 0,
    "avg_trust_score": 0.6927472004506283
  }
}