{
  "pricing": [
    {
      "plugin_id": "test_plugin_001",
      "pricing_model": "usage_based",
      "subscription_plans": [],
      "usage_pricing": {
        "cost_per_execution": 5.0,
        "min_cost": 0.0,
        "max_cost": null,
        "free_tier_limit": 0
      },
      "developer_id": "dev-f0ec08f12e300c2a",
      "created_at": "2025-10-23T13:12:34.737730",
      "updated_at": "2025-10-23T13:12:34.737732"
    },
    {
      "plugin_id": "hello-world",
      "pricing_model": "usage_based",
      "subscription_plans": [],
      "usage_pricing": {
        "cost_per_execution": 5.0,
        "min_cost": 0.0,
        "max_cost": null,
        "free_tier_limit": 0
      },
      "developer_id": "dev-6d48fc3897f0454d",
      "created_at": "2025-10-23T14:38:22.635006",
      "updated_at": "2025-10-23T14:41:17.327609"
    }
  ],
  "last_updated": "2025-10-23T14:41:17.327621"
}