{
  "timestamp": "2025-10-23T13:12:43.236007",
  "critical": [],
  "high": [
    {
      "category": "A01:2021 - IDOR Vulnerability",
      "title": "Insecure Direct Object Reference in Billing",
      "description": "Users can access other users' wallet balances by changing user_id parameter",
      "recommendation": "Implement user session validation and authorization checks",
      "evidence": {
        "test_user_1": "user_001",
        "test_user_2": "user_002"
      }
    },
    {
      "category": "A04:2021 - Insecure Design",
      "title": "Negative Credit Purchase Allowed",
      "description": "System accepts negative credit values which could lead to financial abuse",
      "recommendation": "Implement input validation to reject negative values",
      "evidence": {
        "payload": -100,
        "status": 200
      }
    }
  ],
  "medium": [
    {
      "category": "A05:2021 - Security Misconfiguration",
      "title": "Missing Security Headers",
      "description": "Missing security headers: X-Content-Type-Options, X-Frame-Options, Strict-Transport-Security, Content-Security-Policy",
      "recommendation": "Add recommended security headers to API responses",
      "evidence": {
        "missing_headers": [
          "X-Content-Type-Options",
          "X-Frame-Options",
          "Strict-Transport-Security",
          "Content-Security-Policy"
        ]
      }
    },
    {
      "category": "A07:2021 - Authentication Failures",
      "title": "Weak Password Accepted",
      "description": "System accepts weak passwords (e.g., \"123\")",
      "recommendation": "Implement password complexity requirements",
      "evidence": {
        "weak_password": "***"
      }
    },
    {
      "category": "A07:2021 - Authentication Failures",
      "title": "No Rate Limiting on Login",
      "description": "No rate limiting detected on login attempts (tested 5 failed attempts)",
      "recommendation": "Implement rate limiting to prevent brute force attacks",
      "evidence": {
        "failed_attempts": 5
      }
    }
  ],
  "low": [
    {
      "category": "A06:2021 - Vulnerable Components",
      "title": "Version Information Disclosed",
      "description": "API version exposed in root endpoint",
      "recommendation": "Consider hiding version info in production or use generic versioning",
      "evidence": {
        "version": "1.0.0"
      }
    },
    {
      "category": "A06:2021 - Vulnerable Components",
      "title": "Server Information Disclosed",
      "description": "Server header exposes technology: uvicorn",
      "recommendation": "Remove or obfuscate server header",
      "evidence": {
        "server": "uvicorn"
      }
    }
  ],
  "info": [
    {
      "category": "A01:2021 - Broken Access Control",
      "title": "Developer Endpoints Require Authentication",
      "description": "Properly requires API key authentication",
      "recommendation": null,
      "evidence": {
        "endpoint": "/revenue/developer/{id}",
        "status_code": 422
      }
    },
    {
      "category": "A02:2021 - Sensitive Data",
      "title": "API Key Exposure on Registration",
      "description": "API key returned in registration response (acceptable for initial setup)",
      "recommendation": "Ensure API keys are only returned on registration/login, never in list endpoints",
      "evidence": {
        "endpoint": "/developers/register"
      }
    },
    {
      "category": "A02:2021 - Cryptographic Failures",
      "title": "Stripe Configuration Valid",
      "description": "Using test mode Stripe keys",
      "recommendation": null,
      "evidence": {
        "mode": "test"
      }
    },
    {
      "category": "A03:2021 - SQL Injection",
      "title": "No SQL Injection Detected",
      "description": "SQL injection payloads properly handled",
      "recommendation": null,
      "evidence": {
        "tested_payloads": 3
      }
    },
    {
      "category": "A08:2021 - Data Integrity",
      "title": "Transaction Integrity Review Needed",
      "description": "Manual review recommended for transaction signing and validation",
      "recommendation": "Consider implementing transaction signatures or checksums",
      "evidence": {}
    },
    {
      "category": "A09:2021 - Logging & Monitoring",
      "title": "Audit Logging Implemented",
      "description": "Audit trail endpoints available",
      "recommendation": "Ensure all sensitive operations are logged",
      "evidence": {
        "endpoint": "/audit/events"
      }
    },
    {
      "category": "A10:2021 - SSRF",
      "title": "Limited URL Input Attack Surface",
      "description": "No obvious URL parameter endpoints detected",
      "recommendation": "Maintain validation if URL inputs are added",
      "evidence": {}
    }
  ]
}