{
  "transactions": [
    {
      "transaction_id": "txn_dc5d6f6ddf2e4613",
      "user_id": "test_user_validation_002",
      "transaction_type": "credit_purchase",
      "amount": 100.0,
      "currency": "CREDITS",
      "status": "completed",
      "created_at": "2025-10-23T13:12:34.728141",
      "completed_at": "2025-10-23T13:12:34.728142",
      "metadata": {
        "usd_cost": 10.0
      },
      "stripe_payment_id": "pi_mock_d57147033b864642",
      "description": "Purchased 100.0 credits"
    },
    {
      "transaction_id": "txn_5fe68b5529b644f2",
      "user_id": "test_user_001",
      "transaction_type": "credit_purchase",
      "amount": -100.0,
      "currency": "CREDITS",
      "status": "completed",
      "created_at": "2025-10-23T13:12:43.252808",
      "completed_at": "2025-10-23T13:12:43.252809",
      "metadata": {
        "usd_cost": -10.0
      },
      "stripe_payment_id": "pi_mock_c1fe3e74ab364f59",
      "description": "Purchased -100.0 credits"
    },
    {
      "transaction_id": "txn_f0062193032b4f5f",
      "user_id": "test_user_001",
      "transaction_type": "credit_purchase",
      "amount": 999999999999.0,
      "currency": "CREDITS",
      "status": "completed",
      "created_at": "2025-10-23T13:12:43.254428",
      "completed_at": "2025-10-23T13:12:43.254429",
      "metadata": {
        "usd_cost": 99999999999.9
      },
      "stripe_payment_id": "pi_mock_11ab495d36e841e4",
      "description": "Purchased 999999999999.0 credits"
    },
    {
      "transaction_id": "txn_4217afec402b4c5b",
      "user_id": "test_user_purchase_001",
      "transaction_type": "credit_purchase",
      "amount": 50.0,
      "currency": "CREDITS",
      "status": "completed",
      "created_at": "2025-10-23T14:40:47.702401",
      "completed_at": "2025-10-23T14:40:47.702402",
      "metadata": {
        "usd_cost": 5.0
      },
      "stripe_payment_id": "pi_mock_806f2b0633464698",
      "description": "Purchased 50.0 credits"
    }
  ],
  "last_updated": "2025-10-23T14:40:47.706200"
}