{
  "wallets": [
    {
      "user_id": "test_user_validation_001",
      "balance": 0.0,
      "total_purchased": 0.0,
      "total_spent": 0.0,
      "created_at": "2025-10-23T13:12:34.724858",
      "last_transaction": null
    },
    {
      "user_id": "test_user_validation_002",
      "balance": 100.0,
      "total_purchased": 100.0,
      "total_spent": 0.0,
      "created_at": "2025-10-23T13:12:34.727991",
      "last_transaction": "2025-10-23T13:12:34.728148"
    },
    {
      "user_id": "user_001",
      "balance": 0.0,
      "total_purchased": 0.0,
      "total_spent": 0.0,
      "created_at": "2025-10-23T13:12:43.242698",
      "last_transaction": null
    },
    {
      "user_id": "user_002",
      "balance": 0.0,
      "total_purchased": 0.0,
      "total_spent": 0.0,
      "created_at": "2025-10-23T13:12:43.244082",
      "last_transaction": null
    },
    {
      "user_id": "user_001' OR '1'='1",
      "balance": 0.0,
      "total_purchased": 0.0,
      "total_spent": 0.0,
      "created_at": "2025-10-23T13:12:43.248213",
      "last_transaction": null
    },
    {
      "user_id": "user_001; DROP TABLE users--",
      "balance": 0.0,
      "total_purchased": 0.0,
      "total_spent": 0.0,
      "created_at": "2025-10-23T13:12:43.249658",
      "last_transaction": null
    },
    {
      "user_id": "user_001' UNION SELECT * FROM wallets--",
      "balance": 0.0,
      "total_purchased": 0.0,
      "total_spent": 0.0,
      "created_at": "2025-10-23T13:12:43.250950",
      "last_transaction": null
    },
    {
      "user_id": "test_user_001",
      "balance": 999999999899.0,
      "total_purchased": 999999999899.0,
      "total_spent": 0.0,
      "created_at": "2025-10-23T13:12:43.252490",
      "last_transaction": "2025-10-23T13:12:43.254433"
    },
    {
      "user_id": "load_test_user_3",
      "balance": 0.0,
      "total_purchased": 0.0,
      "total_spent": 0.0,
      "created_at": "2025-10-23T13:12:59.782014",
      "last_transaction": null
    },
    {
      "user_id": "load_test_user_1",
      "balance": 0.0,
      "total_purchased": 0.0,
      "total_spent": 0.0,
      "created_at": "2025-10-23T13:12:59.783267",
      "last_transaction": null
    },
    {
      "user_id": "load_test_user_2",
      "balance": 0.0,
      "total_purchased": 0.0,
      "total_spent": 0.0,
      "created_at": "2025-10-23T13:12:59.784212",
      "last_transaction": null
    },
    {
      "user_id": "load_test_user_4",
      "balance": 0.0,
      "total_purchased": 0.0,
      "total_spent": 0.0,
      "created_at": "2025-10-23T13:12:59.784815",
      "last_transaction": null
    },
    {
      "user_id": "load_test_user_0",
      "balance": 0.0,
      "total_purchased": 0.0,
      "total_spent": 0.0,
      "created_at": "2025-10-23T13:12:59.785322",
      "last_transaction": null
    },
    {
      "user_id": "load_test_user_5",
      "balance": 0.0,
      "total_purchased": 0.0,
      "total_spent": 0.0,
      "created_at": "2025-10-23T13:12:59.785873",
      "last_transaction": null
    },
    {
      "user_id": "load_test_user_10",
      "balance": 0.0,
      "total_purchased": 0.0,
      "total_spent": 0.0,
      "created_at": "2025-10-23T13:13:25.447546",
      "last_transaction": null
    },
    {
      "user_id": "load_test_user_11",
      "balance": 0.0,
      "total_purchased": 0.0,
      "total_spent": 0.0,
      "created_at": "2025-10-23T13:13:25.548055",
      "last_transaction": null
    },
    {
      "user_id": "load_test_user_12",
      "balance": 0.0,
      "total_purchased": 0.0,
      "total_spent": 0.0,
      "created_at": "2025-10-23T13:13:25.548971",
      "last_transaction": null
    },
    {
      "user_id": "load_test_user_14",
      "balance": 0.0,
      "total_purchased": 0.0,
      "total_spent": 0.0,
      "created_at": "2025-10-23T13:13:25.551194",
      "last_transaction": null
    },
    {
      "user_id": "load_test_user_15",
      "balance": 0.0,
      "total_purchased": 0.0,
      "total_spent": 0.0,
      "created_at": "2025-10-23T13:13:25.552011",
      "last_transaction": null
    },
    {
      "user_id": "load_test_user_13",
      "balance": 0.0,
      "total_purchased": 0.0,
      "total_spent": 0.0,
      "created_at": "2025-10-23T13:13:25.552600",
      "last_transaction": null
    },
    {
      "user_id": "load_test_user_20",
      "balance": 0.0,
      "total_purchased": 0.0,
      "total_spent": 0.0,
      "created_at": "2025-10-23T13:13:25.557127",
      "last_transaction": null
    },
    {
      "user_id": "load_test_user_22",
      "balance": 0.0,
      "total_purchased": 0.0,
      "total_spent": 0.0,
      "created_at": "2025-10-23T13:13:25.661217",
      "last_transaction": null
    },
    {
      "user_id": "load_test_user_21",
      "balance": 0.0,
      "total_purchased": 0.0,
      "total_spent": 0.0,
      "created_at": "2025-10-23T13:13:25.662180",
      "last_transaction": null
    },
    {
      "user_id": "load_test_user_23",
      "balance": 0.0,
      "total_purchased": 0.0,
      "total_spent": 0.0,
      "created_at": "2025-10-23T13:13:25.662735",
      "last_transaction": null
    },
    {
      "user_id": "load_test_user_24",
      "balance": 0.0,
      "total_purchased": 0.0,
      "total_spent": 0.0,
      "created_at": "2025-10-23T13:13:25.663484",
      "last_transaction": null
    },
    {
      "user_id": "load_test_user_25",
      "balance": 0.0,
      "total_purchased": 0.0,
      "total_spent": 0.0,
      "created_at": "2025-10-23T13:13:25.665788",
      "last_transaction": null
    },
    {
      "user_id": "load_test_user_30",
      "balance": 0.0,
      "total_purchased": 0.0,
      "total_spent": 0.0,
      "created_at": "2025-10-23T13:13:25.670610",
      "last_transaction": null
    },
    {
      "user_id": "load_test_user_31",
      "balance": 0.0,
      "total_purchased": 0.0,
      "total_spent": 0.0,
      "created_at": "2025-10-23T13:13:25.769266",
      "last_transaction": null
    },
    {
      "user_id": "load_test_user_32",
      "balance": 0.0,
      "total_purchased": 0.0,
      "total_spent": 0.0,
      "created_at": "2025-10-23T13:13:25.770329",
      "last_transaction": null
    },
    {
      "user_id": "load_test_user_34",
      "balance": 0.0,
      "total_purchased": 0.0,
      "total_spent": 0.0,
      "created_at": "2025-10-23T13:13:25.771224",
      "last_transaction": null
    },
    {
      "user_id": "load_test_user_35",
      "balance": 0.0,
      "total_purchased": 0.0,
      "total_spent": 0.0,
      "created_at": "2025-10-23T13:13:25.771801",
      "last_transaction": null
    },
    {
      "user_id": "load_test_user_33",
      "balance": 0.0,
      "total_purchased": 0.0,
      "total_spent": 0.0,
      "created_at": "2025-10-23T13:13:25.772367",
      "last_transaction": null
    },
    {
      "user_id": "load_test_user_40",
      "balance": 0.0,
      "total_purchased": 0.0,
      "total_spent": 0.0,
      "created_at": "2025-10-23T13:13:25.777385",
      "last_transaction": null
    },
    {
      "user_id": "load_test_user_42",
      "balance": 0.0,
      "total_purchased": 0.0,
      "total_spent": 0.0,
      "created_at": "2025-10-23T13:13:25.878405",
      "last_transaction": null
    },
    {
      "user_id": "load_test_user_41",
      "balance": 0.0,
      "total_purchased": 0.0,
      "total_spent": 0.0,
      "created_at": "2025-10-23T13:13:25.879481",
      "last_transaction": null
    },
    {
      "user_id": "load_test_user_43",
      "balance": 0.0,
      "total_purchased": 0.0,
      "total_spent": 0.0,
      "created_at": "2025-10-23T13:13:25.880343",
      "last_transaction": null
    },
    {
      "user_id": "load_test_user_44",
      "balance": 0.0,
      "total_purchased": 0.0,
      "total_spent": 0.0,
      "created_at": "2025-10-23T13:13:25.880973",
      "last_transaction": null
    },
    {
      "user_id": "load_test_user_45",
      "balance": 0.0,
      "total_purchased": 0.0,
      "total_spent": 0.0,
      "created_at": "2025-10-23T13:13:25.881738",
      "last_transaction": null
    },
    {
      "user_id": "load_test_user_50",
      "balance": 0.0,
      "total_purchased": 0.0,
      "total_spent": 0.0,
      "created_at": "2025-10-23T13:13:57.975997",
      "last_transaction": null
    },
    {
      "user_id": "load_test_user_51",
      "balance": 0.0,
      "total_purchased": 0.0,
      "total_spent": 0.0,
      "created_at": "2025-10-23T13:13:58.077392",
      "last_transaction": null
    },
    {
      "user_id": "load_test_user_54",
      "balance": 0.0,
      "total_purchased": 0.0,
      "total_spent": 0.0,
      "created_at": "2025-10-23T13:13:58.078584",
      "last_transaction": null
    },
    {
      "user_id": "load_test_user_52",
      "balance": 0.0,
      "total_purchased": 0.0,
      "total_spent": 0.0,
      "created_at": "2025-10-23T13:13:58.079606",
      "last_transaction": null
    },
    {
      "user_id": "load_test_user_53",
      "balance": 0.0,
      "total_purchased": 0.0,
      "total_spent": 0.0,
      "created_at": "2025-10-23T13:13:58.080413",
      "last_transaction": null
    },
    {
      "user_id": "load_test_user_55",
      "balance": 0.0,
      "total_purchased": 0.0,
      "total_spent": 0.0,
      "created_at": "2025-10-23T13:13:58.081383",
      "last_transaction": null
    },
    {
      "user_id": "load_test_user_60",
      "balance": 0.0,
      "total_purchased": 0.0,
      "total_spent": 0.0,
      "created_at": "2025-10-23T13:13:58.083307",
      "last_transaction": null
    },
    {
      "user_id": "load_test_user_61",
      "balance": 0.0,
      "total_purchased": 0.0,
      "total_spent": 0.0,
      "created_at": "2025-10-23T13:13:58.185041",
      "last_transaction": null
    },
    {
      "user_id": "load_test_user_62",
      "balance": 0.0,
      "total_purchased": 0.0,
      "total_spent": 0.0,
      "created_at": "2025-10-23T13:13:58.186190",
      "last_transaction": null
    },
    {
      "user_id": "load_test_user_65",
      "balance": 0.0,
      "total_purchased": 0.0,
      "total_spent": 0.0,
      "created_at": "2025-10-23T13:13:58.187400",
      "last_transaction": null
    },
    {
      "user_id": "load_test_user_63",
      "balance": 0.0,
      "total_purchased": 0.0,
      "total_spent": 0.0,
      "created_at": "2025-10-23T13:13:58.188305",
      "last_transaction": null
    },
    {
      "user_id": "load_test_user_70",
      "balance": 0.0,
      "total_purchased": 0.0,
      "total_spent": 0.0,
      "created_at": "2025-10-23T13:13:58.191047",
      "last_transaction": null
    },
    {
      "user_id": "load_test_user_64",
      "balance": 0.0,
      "total_purchased": 0.0,
      "total_spent": 0.0,
      "created_at": "2025-10-23T13:13:58.191965",
      "last_transaction": null
    },
    {
      "user_id": "load_test_user_71",
      "balance": 0.0,
      "total_purchased": 0.0,
      "total_spent": 0.0,
      "created_at": "2025-10-23T13:13:58.293177",
      "last_transaction": null
    },
    {
      "user_id": "load_test_user_72",
      "balance": 0.0,
      "total_purchased": 0.0,
      "total_spent": 0.0,
      "created_at": "2025-10-23T13:13:58.294351",
      "last_transaction": null
    },
    {
      "user_id": "load_test_user_74",
      "balance": 0.0,
      "total_purchased": 0.0,
      "total_spent": 0.0,
      "created_at": "2025-10-23T13:13:58.295558",
      "last_transaction": null
    },
    {
      "user_id": "load_test_user_73",
      "balance": 0.0,
      "total_purchased": 0.0,
      "total_spent": 0.0,
      "created_at": "2025-10-23T13:13:58.296619",
      "last_transaction": null
    },
    {
      "user_id": "load_test_user_75",
      "balance": 0.0,
      "total_purchased": 0.0,
      "total_spent": 0.0,
      "created_at": "2025-10-23T13:13:58.297382",
      "last_transaction": null
    },
    {
      "user_id": "load_test_user_80",
      "balance": 0.0,
      "total_purchased": 0.0,
      "total_spent": 0.0,
      "created_at": "2025-10-23T13:13:58.299465",
      "last_transaction": null
    },
    {
      "user_id": "load_test_user_81",
      "balance": 0.0,
      "total_purchased": 0.0,
      "total_spent": 0.0,
      "created_at": "2025-10-23T13:13:58.399411",
      "last_transaction": null
    },
    {
      "user_id": "load_test_user_82",
      "balance": 0.0,
      "total_purchased": 0.0,
      "total_spent": 0.0,
      "created_at": "2025-10-23T13:13:58.400784",
      "last_transaction": null
    },
    {
      "user_id": "load_test_user_83",
      "balance": 0.0,
      "total_purchased": 0.0,
      "total_spent": 0.0,
      "created_at": "2025-10-23T13:13:58.401606",
      "last_transaction": null
    },
    {
      "user_id": "load_test_user_84",
      "balance": 0.0,
      "total_purchased": 0.0,
      "total_spent": 0.0,
      "created_at": "2025-10-23T13:13:58.402488",
      "last_transaction": null
    },
    {
      "user_id": "load_test_user_85",
      "balance": 0.0,
      "total_purchased": 0.0,
      "total_spent": 0.0,
      "created_at": "2025-10-23T13:13:58.404341",
      "last_transaction": null
    },
    {
      "user_id": "load_test_user_90",
      "balance": 0.0,
      "total_purchased": 0.0,
      "total_spent": 0.0,
      "created_at": "2025-10-23T13:13:58.405943",
      "last_transaction": null
    },
    {
      "user_id": "load_test_user_91",
      "balance": 0.0,
      "total_purchased": 0.0,
      "total_spent": 0.0,
      "created_at": "2025-10-23T13:13:58.507960",
      "last_transaction": null
    },
    {
      "user_id": "load_test_user_92",
      "balance": 0.0,
      "total_purchased": 0.0,
      "total_spent": 0.0,
      "created_at": "2025-10-23T13:13:58.509591",
      "last_transaction": null
    },
    {
      "user_id": "load_test_user_93",
      "balance": 0.0,
      "total_purchased": 0.0,
      "total_spent": 0.0,
      "created_at": "2025-10-23T13:13:58.511429",
      "last_transaction": null
    },
    {
      "user_id": "load_test_user_94",
      "balance": 0.0,
      "total_purchased": 0.0,
      "total_spent": 0.0,
      "created_at": "2025-10-23T13:13:58.513422",
      "last_transaction": null
    },
    {
      "user_id": "load_test_user_95",
      "balance": 0.0,
      "total_purchased": 0.0,
      "total_spent": 0.0,
      "created_at": "2025-10-23T13:13:58.515897",
      "last_transaction": null
    },
    {
      "user_id": "load_test_user_100",
      "balance": 0.0,
      "total_purchased": 0.0,
      "total_spent": 0.0,
      "created_at": "2025-10-23T13:14:36.092023",
      "last_transaction": null
    },
    {
      "user_id": "load_test_user_101",
      "balance": 0.0,
      "total_purchased": 0.0,
      "total_spent": 0.0,
      "created_at": "2025-10-23T13:14:36.191635",
      "last_transaction": null
    },
    {
      "user_id": "load_test_user_102",
      "balance": 0.0,
      "total_purchased": 0.0,
      "total_spent": 0.0,
      "created_at": "2025-10-23T13:14:36.192747",
      "last_transaction": null
    },
    {
      "user_id": "load_test_user_104",
      "balance": 0.0,
      "total_purchased": 0.0,
      "total_spent": 0.0,
      "created_at": "2025-10-23T13:14:36.194227",
      "last_transaction": null
    },
    {
      "user_id": "load_test_user_103",
      "balance": 0.0,
      "total_purchased": 0.0,
      "total_spent": 0.0,
      "created_at": "2025-10-23T13:14:36.196160",
      "last_transaction": null
    },
    {
      "user_id": "load_test_user_105",
      "balance": 0.0,
      "total_purchased": 0.0,
      "total_spent": 0.0,
      "created_at": "2025-10-23T13:14:36.197634",
      "last_transaction": null
    },
    {
      "user_id": "load_test_user_110",
      "balance": 0.0,
      "total_purchased": 0.0,
      "total_spent": 0.0,
      "created_at": "2025-10-23T13:14:36.211956",
      "last_transaction": null
    },
    {
      "user_id": "load_test_user_111",
      "balance": 0.0,
      "total_purchased": 0.0,
      "total_spent": 0.0,
      "created_at": "2025-10-23T13:14:36.310663",
      "last_transaction": null
    },
    {
      "user_id": "load_test_user_113",
      "balance": 0.0,
      "total_purchased": 0.0,
      "total_spent": 0.0,
      "created_at": "2025-10-23T13:14:36.315276",
      "last_transaction": null
    },
    {
      "user_id": "load_test_user_112",
      "balance": 0.0,
      "total_purchased": 0.0,
      "total_spent": 0.0,
      "created_at": "2025-10-23T13:14:36.317074",
      "last_transaction": null
    },
    {
      "user_id": "load_test_user_115",
      "balance": 0.0,
      "total_purchased": 0.0,
      "total_spent": 0.0,
      "created_at": "2025-10-23T13:14:36.318871",
      "last_transaction": null
    },
    {
      "user_id": "load_test_user_114",
      "balance": 0.0,
      "total_purchased": 0.0,
      "total_spent": 0.0,
      "created_at": "2025-10-23T13:14:36.321710",
      "last_transaction": null
    },
    {
      "user_id": "load_test_user_120",
      "balance": 0.0,
      "total_purchased": 0.0,
      "total_spent": 0.0,
      "created_at": "2025-10-23T13:14:36.333547",
      "last_transaction": null
    },
    {
      "user_id": "load_test_user_121",
      "balance": 0.0,
      "total_purchased": 0.0,
      "total_spent": 0.0,
      "created_at": "2025-10-23T13:14:36.429140",
      "last_transaction": null
    },
    {
      "user_id": "load_test_user_122",
      "balance": 0.0,
      "total_purchased": 0.0,
      "total_spent": 0.0,
      "created_at": "2025-10-23T13:14:36.430274",
      "last_transaction": null
    },
    {
      "user_id": "load_test_user_123",
      "balance": 0.0,
      "total_purchased": 0.0,
      "total_spent": 0.0,
      "created_at": "2025-10-23T13:14:36.432026",
      "last_transaction": null
    },
    {
      "user_id": "load_test_user_124",
      "balance": 0.0,
      "total_purchased": 0.0,
      "total_spent": 0.0,
      "created_at": "2025-10-23T13:14:36.433937",
      "last_transaction": null
    },
    {
      "user_id": "load_test_user_125",
      "balance": 0.0,
      "total_purchased": 0.0,
      "total_spent": 0.0,
      "created_at": "2025-10-23T13:14:36.436824",
      "last_transaction": null
    },
    {
      "user_id": "load_test_user_130",
      "balance": 0.0,
      "total_purchased": 0.0,
      "total_spent": 0.0,
      "created_at": "2025-10-23T13:14:36.443763",
      "last_transaction": null
    },
    {
      "user_id": "load_test_user_131",
      "balance": 0.0,
      "total_purchased": 0.0,
      "total_spent": 0.0,
      "created_at": "2025-10-23T13:14:36.544579",
      "last_transaction": null
    },
    {
      "user_id": "load_test_user_133",
      "balance": 0.0,
      "total_purchased": 0.0,
      "total_spent": 0.0,
      "created_at": "2025-10-23T13:14:36.546263",
      "last_transaction": null
    },
    {
      "user_id": "load_test_user_132",
      "balance": 0.0,
      "total_purchased": 0.0,
      "total_spent": 0.0,
      "created_at": "2025-10-23T13:14:36.547415",
      "last_transaction": null
    },
    {
      "user_id": "load_test_user_135",
      "balance": 0.0,
      "total_purchased": 0.0,
      "total_spent": 0.0,
      "created_at": "2025-10-23T13:14:36.549472",
      "last_transaction": null
    },
    {
      "user_id": "load_test_user_134",
      "balance": 0.0,
      "total_purchased": 0.0,
      "total_spent": 0.0,
      "created_at": "2025-10-23T13:14:36.550699",
      "last_transaction": null
    },
    {
      "user_id": "load_test_user_140",
      "balance": 0.0,
      "total_purchased": 0.0,
      "total_spent": 0.0,
      "created_at": "2025-10-23T13:14:36.557722",
      "last_transaction": null
    },
    {
      "user_id": "load_test_user_141",
      "balance": 0.0,
      "total_purchased": 0.0,
      "total_spent": 0.0,
      "created_at": "2025-10-23T13:14:36.657659",
      "last_transaction": null
    },
    {
      "user_id": "load_test_user_142",
      "balance": 0.0,
      "total_purchased": 0.0,
      "total_spent": 0.0,
      "created_at": "2025-10-23T13:14:36.662386",
      "last_transaction": null
    },
    {
      "user_id": "load_test_user_144",
      "balance": 0.0,
      "total_purchased": 0.0,
      "total_spent": 0.0,
      "created_at": "2025-10-23T13:14:36.667562",
      "last_transaction": null
    },
    {
      "user_id": "load_test_user_145",
      "balance": 0.0,
      "total_purchased": 0.0,
      "total_spent": 0.0,
      "created_at": "2025-10-23T13:14:36.675713",
      "last_transaction": null
    },
    {
      "user_id": "load_test_user_143",
      "balance": 0.0,
      "total_purchased": 0.0,
      "total_spent": 0.0,
      "created_at": "2025-10-23T13:14:36.677255",
      "last_transaction": null
    },
    {
      "user_id": "load_test_user_150",
      "balance": 0.0,
      "total_purchased": 0.0,
      "total_spent": 0.0,
      "created_at": "2025-10-23T13:14:36.681032",
      "last_transaction": null
    },
    {
      "user_id": "load_test_user_151",
      "balance": 0.0,
      "total_purchased": 0.0,
      "total_spent": 0.0,
      "created_at": "2025-10-23T13:14:36.779549",
      "last_transaction": null
    },
    {
      "user_id": "load_test_user_153",
      "balance": 0.0,
      "total_purchased": 0.0,
      "total_spent": 0.0,
      "created_at": "2025-10-23T13:14:36.781496",
      "last_transaction": null
    },
    {
      "user_id": "load_test_user_152",
      "balance": 0.0,
      "total_purchased": 0.0,
      "total_spent": 0.0,
      "created_at": "2025-10-23T13:14:36.782594",
      "last_transaction": null
    },
    {
      "user_id": "load_test_user_154",
      "balance": 0.0,
      "total_purchased": 0.0,
      "total_spent": 0.0,
      "created_at": "2025-10-23T13:14:36.784070",
      "last_transaction": null
    },
    {
      "user_id": "load_test_user_155",
      "balance": 0.0,
      "total_purchased": 0.0,
      "total_spent": 0.0,
      "created_at": "2025-10-23T13:14:36.785271",
      "last_transaction": null
    },
    {
      "user_id": "load_test_user_160",
      "balance": 0.0,
      "total_purchased": 0.0,
      "total_spent": 0.0,
      "created_at": "2025-10-23T13:14:36.799270",
      "last_transaction": null
    },
    {
      "user_id": "load_test_user_161",
      "balance": 0.0,
      "total_purchased": 0.0,
      "total_spent": 0.0,
      "created_at": "2025-10-23T13:14:36.901312",
      "last_transaction": null
    },
    {
      "user_id": "load_test_user_163",
      "balance": 0.0,
      "total_purchased": 0.0,
      "total_spent": 0.0,
      "created_at": "2025-10-23T13:14:36.903151",
      "last_transaction": null
    },
    {
      "user_id": "load_test_user_162",
      "balance": 0.0,
      "total_purchased": 0.0,
      "total_spent": 0.0,
      "created_at": "2025-10-23T13:14:36.904311",
      "last_transaction": null
    },
    {
      "user_id": "load_test_user_164",
      "balance": 0.0,
      "total_purchased": 0.0,
      "total_spent": 0.0,
      "created_at": "2025-10-23T13:14:36.905648",
      "last_transaction": null
    },
    {
      "user_id": "load_test_user_165",
      "balance": 0.0,
      "total_purchased": 0.0,
      "total_spent": 0.0,
      "created_at": "2025-10-23T13:14:36.906797",
      "last_transaction": null
    },
    {
      "user_id": "load_test_user_170",
      "balance": 0.0,
      "total_purchased": 0.0,
      "total_spent": 0.0,
      "created_at": "2025-10-23T13:14:36.909879",
      "last_transaction": null
    },
    {
      "user_id": "load_test_user_171",
      "balance": 0.0,
      "total_purchased": 0.0,
      "total_spent": 0.0,
      "created_at": "2025-10-23T13:14:37.010207",
      "last_transaction": null
    },
    {
      "user_id": "load_test_user_172",
      "balance": 0.0,
      "total_purchased": 0.0,
      "total_spent": 0.0,
      "created_at": "2025-10-23T13:14:37.012054",
      "last_transaction": null
    },
    {
      "user_id": "load_test_user_173",
      "balance": 0.0,
      "total_purchased": 0.0,
      "total_spent": 0.0,
      "created_at": "2025-10-23T13:14:37.013940",
      "last_transaction": null
    },
    {
      "user_id": "load_test_user_174",
      "balance": 0.0,
      "total_purchased": 0.0,
      "total_spent": 0.0,
      "created_at": "2025-10-23T13:14:37.015316",
      "last_transaction": null
    },
    {
      "user_id": "load_test_user_175",
      "balance": 0.0,
      "total_purchased": 0.0,
      "total_spent": 0.0,
      "created_at": "2025-10-23T13:14:37.020241",
      "last_transaction": null
    },
    {
      "user_id": "load_test_user_180",
      "balance": 0.0,
      "total_purchased": 0.0,
      "total_spent": 0.0,
      "created_at": "2025-10-23T13:14:37.027846",
      "last_transaction": null
    },
    {
      "user_id": "load_test_user_181",
      "balance": 0.0,
      "total_purchased": 0.0,
      "total_spent": 0.0,
      "created_at": "2025-10-23T13:14:37.127156",
      "last_transaction": null
    },
    {
      "user_id": "load_test_user_183",
      "balance": 0.0,
      "total_purchased": 0.0,
      "total_spent": 0.0,
      "created_at": "2025-10-23T13:14:37.129470",
      "last_transaction": null
    },
    {
      "user_id": "load_test_user_182",
      "balance": 0.0,
      "total_purchased": 0.0,
      "total_spent": 0.0,
      "created_at": "2025-10-23T13:14:37.134315",
      "last_transaction": null
    },
    {
      "user_id": "load_test_user_184",
      "balance": 0.0,
      "total_purchased": 0.0,
      "total_spent": 0.0,
      "created_at": "2025-10-23T13:14:37.138058",
      "last_transaction": null
    },
    {
      "user_id": "load_test_user_185",
      "balance": 0.0,
      "total_purchased": 0.0,
      "total_spent": 0.0,
      "created_at": "2025-10-23T13:14:37.139755",
      "last_transaction": null
    },
    {
      "user_id": "load_test_user_190",
      "balance": 0.0,
      "total_purchased": 0.0,
      "total_spent": 0.0,
      "created_at": "2025-10-23T13:14:37.141524",
      "last_transaction": null
    },
    {
      "user_id": "load_test_user_191",
      "balance": 0.0,
      "total_purchased": 0.0,
      "total_spent": 0.0,
      "created_at": "2025-10-23T13:14:37.235608",
      "last_transaction": null
    },
    {
      "user_id": "load_test_user_193",
      "balance": 0.0,
      "total_purchased": 0.0,
      "total_spent": 0.0,
      "created_at": "2025-10-23T13:14:37.239249",
      "last_transaction": null
    },
    {
      "user_id": "load_test_user_192",
      "balance": 0.0,
      "total_purchased": 0.0,
      "total_spent": 0.0,
      "created_at": "2025-10-23T13:14:37.240666",
      "last_transaction": null
    },
    {
      "user_id": "load_test_user_194",
      "balance": 0.0,
      "total_purchased": 0.0,
      "total_spent": 0.0,
      "created_at": "2025-10-23T13:14:37.243002",
      "last_transaction": null
    },
    {
      "user_id": "load_test_user_195",
      "balance": 0.0,
      "total_purchased": 0.0,
      "total_spent": 0.0,
      "created_at": "2025-10-23T13:14:37.247854",
      "last_transaction": null
    },
    {
      "user_id": "load_test_user_200",
      "balance": 0.0,
      "total_purchased": 0.0,
      "total_spent": 0.0,
      "created_at": "2025-10-23T13:15:16.051532",
      "last_transaction": null
    },
    {
      "user_id": "load_test_user_201",
      "balance": 0.0,
      "total_purchased": 0.0,
      "total_spent": 0.0,
      "created_at": "2025-10-23T13:15:16.148513",
      "last_transaction": null
    },
    {
      "user_id": "load_test_user_202",
      "balance": 0.0,
      "total_purchased": 0.0,
      "total_spent": 0.0,
      "created_at": "2025-10-23T13:15:16.150129",
      "last_transaction": null
    },
    {
      "user_id": "load_test_user_205",
      "balance": 0.0,
      "total_purchased": 0.0,
      "total_spent": 0.0,
      "created_at": "2025-10-23T13:15:16.152300",
      "last_transaction": null
    },
    {
      "user_id": "load_test_user_203",
      "balance": 0.0,
      "total_purchased": 0.0,
      "total_spent": 0.0,
      "created_at": "2025-10-23T13:15:16.153590",
      "last_transaction": null
    },
    {
      "user_id": "load_test_user_204",
      "balance": 0.0,
      "total_purchased": 0.0,
      "total_spent": 0.0,
      "created_at": "2025-10-23T13:15:16.155312",
      "last_transaction": null
    },
    {
      "user_id": "load_test_user_210",
      "balance": 0.0,
      "total_purchased": 0.0,
      "total_spent": 0.0,
      "created_at": "2025-10-23T13:15:16.158523",
      "last_transaction": null
    },
    {
      "user_id": "load_test_user_211",
      "balance": 0.0,
      "total_purchased": 0.0,
      "total_spent": 0.0,
      "created_at": "2025-10-23T13:15:16.256949",
      "last_transaction": null
    },
    {
      "user_id": "load_test_user_212",
      "balance": 0.0,
      "total_purchased": 0.0,
      "total_spent": 0.0,
      "created_at": "2025-10-23T13:15:16.258687",
      "last_transaction": null
    },
    {
      "user_id": "load_test_user_214",
      "balance": 0.0,
      "total_purchased": 0.0,
      "total_spent": 0.0,
      "created_at": "2025-10-23T13:15:16.260248",
      "last_transaction": null
    },
    {
      "user_id": "load_test_user_213",
      "balance": 0.0,
      "total_purchased": 0.0,
      "total_spent": 0.0,
      "created_at": "2025-10-23T13:15:16.262009",
      "last_transaction": null
    },
    {
      "user_id": "load_test_user_215",
      "balance": 0.0,
      "total_purchased": 0.0,
      "total_spent": 0.0,
      "created_at": "2025-10-23T13:15:16.263350",
      "last_transaction": null
    },
    {
      "user_id": "load_test_user_220",
      "balance": 0.0,
      "total_purchased": 0.0,
      "total_spent": 0.0,
      "created_at": "2025-10-23T13:15:16.266630",
      "last_transaction": null
    },
    {
      "user_id": "load_test_user_221",
      "balance": 0.0,
      "total_purchased": 0.0,
      "total_spent": 0.0,
      "created_at": "2025-10-23T13:15:16.365013",
      "last_transaction": null
    },
    {
      "user_id": "load_test_user_222",
      "balance": 0.0,
      "total_purchased": 0.0,
      "total_spent": 0.0,
      "created_at": "2025-10-23T13:15:16.366815",
      "last_transaction": null
    },
    {
      "user_id": "load_test_user_223",
      "balance": 0.0,
      "total_purchased": 0.0,
      "total_spent": 0.0,
      "created_at": "2025-10-23T13:15:16.368441",
      "last_transaction": null
    },
    {
      "user_id": "load_test_user_225",
      "balance": 0.0,
      "total_purchased": 0.0,
      "total_spent": 0.0,
      "created_at": "2025-10-23T13:15:16.370669",
      "last_transaction": null
    },
    {
      "user_id": "load_test_user_224",
      "balance": 0.0,
      "total_purchased": 0.0,
      "total_spent": 0.0,
      "created_at": "2025-10-23T13:15:16.372155",
      "last_transaction": null
    },
    {
      "user_id": "load_test_user_230",
      "balance": 0.0,
      "total_purchased": 0.0,
      "total_spent": 0.0,
      "created_at": "2025-10-23T13:15:16.377850",
      "last_transaction": null
    },
    {
      "user_id": "load_test_user_231",
      "balance": 0.0,
      "total_purchased": 0.0,
      "total_spent": 0.0,
      "created_at": "2025-10-23T13:15:16.476474",
      "last_transaction": null
    },
    {
      "user_id": "load_test_user_232",
      "balance": 0.0,
      "total_purchased": 0.0,
      "total_spent": 0.0,
      "created_at": "2025-10-23T13:15:16.478153",
      "last_transaction": null
    },
    {
      "user_id": "load_test_user_234",
      "balance": 0.0,
      "total_purchased": 0.0,
      "total_spent": 0.0,
      "created_at": "2025-10-23T13:15:16.480039",
      "last_transaction": null
    },
    {
      "user_id": "load_test_user_233",
      "balance": 0.0,
      "total_purchased": 0.0,
      "total_spent": 0.0,
      "created_at": "2025-10-23T13:15:16.481425",
      "last_transaction": null
    },
    {
      "user_id": "load_test_user_235",
      "balance": 0.0,
      "total_purchased": 0.0,
      "total_spent": 0.0,
      "created_at": "2025-10-23T13:15:16.483125",
      "last_transaction": null
    },
    {
      "user_id": "load_test_user_240",
      "balance": 0.0,
      "total_purchased": 0.0,
      "total_spent": 0.0,
      "created_at": "2025-10-23T13:15:16.486401",
      "last_transaction": null
    },
    {
      "user_id": "load_test_user_242",
      "balance": 0.0,
      "total_purchased": 0.0,
      "total_spent": 0.0,
      "created_at": "2025-10-23T13:15:16.584133",
      "last_transaction": null
    },
    {
      "user_id": "load_test_user_241",
      "balance": 0.0,
      "total_purchased": 0.0,
      "total_spent": 0.0,
      "created_at": "2025-10-23T13:15:16.586012",
      "last_transaction": null
    },
    {
      "user_id": "load_test_user_243",
      "balance": 0.0,
      "total_purchased": 0.0,
      "total_spent": 0.0,
      "created_at": "2025-10-23T13:15:16.587810",
      "last_transaction": null
    },
    {
      "user_id": "load_test_user_244",
      "balance": 0.0,
      "total_purchased": 0.0,
      "total_spent": 0.0,
      "created_at": "2025-10-23T13:15:16.589223",
      "last_transaction": null
    },
    {
      "user_id": "load_test_user_245",
      "balance": 0.0,
      "total_purchased": 0.0,
      "total_spent": 0.0,
      "created_at": "2025-10-23T13:15:16.590595",
      "last_transaction": null
    },
    {
      "user_id": "load_test_user_250",
      "balance": 0.0,
      "total_purchased": 0.0,
      "total_spent": 0.0,
      "created_at": "2025-10-23T13:15:16.602547",
      "last_transaction": null
    },
    {
      "user_id": "load_test_user_252",
      "balance": 0.0,
      "total_purchased": 0.0,
      "total_spent": 0.0,
      "created_at": "2025-10-23T13:15:16.696213",
      "last_transaction": null
    },
    {
      "user_id": "load_test_user_251",
      "balance": 0.0,
      "total_purchased": 0.0,
      "total_spent": 0.0,
      "created_at": "2025-10-23T13:15:16.698120",
      "last_transaction": null
    },
    {
      "user_id": "load_test_user_254",
      "balance": 0.0,
      "total_purchased": 0.0,
      "total_spent": 0.0,
      "created_at": "2025-10-23T13:15:16.699592",
      "last_transaction": null
    },
    {
      "user_id": "load_test_user_253",
      "balance": 0.0,
      "total_purchased": 0.0,
      "total_spent": 0.0,
      "created_at": "2025-10-23T13:15:16.701567",
      "last_transaction": null
    },
    {
      "user_id": "load_test_user_255",
      "balance": 0.0,
      "total_purchased": 0.0,
      "total_spent": 0.0,
      "created_at": "2025-10-23T13:15:16.703452",
      "last_transaction": null
    },
    {
      "user_id": "load_test_user_260",
      "balance": 0.0,
      "total_purchased": 0.0,
      "total_spent": 0.0,
      "created_at": "2025-10-23T13:15:16.705898",
      "last_transaction": null
    },
    {
      "user_id": "load_test_user_261",
      "balance": 0.0,
      "total_purchased": 0.0,
      "total_spent": 0.0,
      "created_at": "2025-10-23T13:15:16.801133",
      "last_transaction": null
    },
    {
      "user_id": "load_test_user_262",
      "balance": 0.0,
      "total_purchased": 0.0,
      "total_spent": 0.0,
      "created_at": "2025-10-23T13:15:16.803108",
      "last_transaction": null
    },
    {
      "user_id": "load_test_user_263",
      "balance": 0.0,
      "total_purchased": 0.0,
      "total_spent": 0.0,
      "created_at": "2025-10-23T13:15:16.804622",
      "last_transaction": null
    },
    {
      "user_id": "load_test_user_264",
      "balance": 0.0,
      "total_purchased": 0.0,
      "total_spent": 0.0,
      "created_at": "2025-10-23T13:15:16.806312",
      "last_transaction": null
    },
    {
      "user_id": "load_test_user_265",
      "balance": 0.0,
      "total_purchased": 0.0,
      "total_spent": 0.0,
      "created_at": "2025-10-23T13:15:16.807988",
      "last_transaction": null
    },
    {
      "user_id": "load_test_user_270",
      "balance": 0.0,
      "total_purchased": 0.0,
      "total_spent": 0.0,
      "created_at": "2025-10-23T13:15:16.811728",
      "last_transaction": null
    },
    {
      "user_id": "load_test_user_271",
      "balance": 0.0,
      "total_purchased": 0.0,
      "total_spent": 0.0,
      "created_at": "2025-10-23T13:15:16.909486",
      "last_transaction": null
    },
    {
      "user_id": "load_test_user_272",
      "balance": 0.0,
      "total_purchased": 0.0,
      "total_spent": 0.0,
      "created_at": "2025-10-23T13:15:16.911517",
      "last_transaction": null
    },
    {
      "user_id": "load_test_user_273",
      "balance": 0.0,
      "total_purchased": 0.0,
      "total_spent": 0.0,
      "created_at": "2025-10-23T13:15:16.913116",
      "last_transaction": null
    },
    {
      "user_id": "load_test_user_274",
      "balance": 0.0,
      "total_purchased": 0.0,
      "total_spent": 0.0,
      "created_at": "2025-10-23T13:15:16.914700",
      "last_transaction": null
    },
    {
      "user_id": "load_test_user_275",
      "balance": 0.0,
      "total_purchased": 0.0,
      "total_spent": 0.0,
      "created_at": "2025-10-23T13:15:16.916916",
      "last_transaction": null
    },
    {
      "user_id": "load_test_user_280",
      "balance": 0.0,
      "total_purchased": 0.0,
      "total_spent": 0.0,
      "created_at": "2025-10-23T13:15:16.921645",
      "last_transaction": null
    },
    {
      "user_id": "load_test_user_281",
      "balance": 0.0,
      "total_purchased": 0.0,
      "total_spent": 0.0,
      "created_at": "2025-10-23T13:15:17.019865",
      "last_transaction": null
    },
    {
      "user_id": "load_test_user_282",
      "balance": 0.0,
      "total_purchased": 0.0,
      "total_spent": 0.0,
      "created_at": "2025-10-23T13:15:17.021866",
      "last_transaction": null
    },
    {
      "user_id": "load_test_user_285",
      "balance": 0.0,
      "total_purchased": 0.0,
      "total_spent": 0.0,
      "created_at": "2025-10-23T13:15:17.023847",
      "last_transaction": null
    },
    {
      "user_id": "load_test_user_284",
      "balance": 0.0,
      "total_purchased": 0.0,
      "total_spent": 0.0,
      "created_at": "2025-10-23T13:15:17.025562",
      "last_transaction": null
    },
    {
      "user_id": "load_test_user_283",
      "balance": 0.0,
      "total_purchased": 0.0,
      "total_spent": 0.0,
      "created_at": "2025-10-23T13:15:17.027951",
      "last_transaction": null
    },
    {
      "user_id": "load_test_user_290",
      "balance": 0.0,
      "total_purchased": 0.0,
      "total_spent": 0.0,
      "created_at": "2025-10-23T13:15:17.031234",
      "last_transaction": null
    },
    {
      "user_id": "load_test_user_291",
      "balance": 0.0,
      "total_purchased": 0.0,
      "total_spent": 0.0,
      "created_at": "2025-10-23T13:15:17.127572",
      "last_transaction": null
    },
    {
      "user_id": "load_test_user_292",
      "balance": 0.0,
      "total_purchased": 0.0,
      "total_spent": 0.0,
      "created_at": "2025-10-23T13:15:17.129829",
      "last_transaction": null
    },
    {
      "user_id": "load_test_user_293",
      "balance": 0.0,
      "total_purchased": 0.0,
      "total_spent": 0.0,
      "created_at": "2025-10-23T13:15:17.133574",
      "last_transaction": null
    },
    {
      "user_id": "load_test_user_294",
      "balance": 0.0,
      "total_purchased": 0.0,
      "total_spent": 0.0,
      "created_at": "2025-10-23T13:15:17.135541",
      "last_transaction": null
    },
    {
      "user_id": "load_test_user_295",
      "balance": 0.0,
      "total_purchased": 0.0,
      "total_spent": 0.0,
      "created_at": "2025-10-23T13:15:17.137147",
      "last_transaction": null
    },
    {
      "user_id": "load_test_user_300",
      "balance": 0.0,
      "total_purchased": 0.0,
      "total_spent": 0.0,
      "created_at": "2025-10-23T13:15:17.141210",
      "last_transaction": null
    },
    {
      "user_id": "load_test_user_302",
      "balance": 0.0,
      "total_purchased": 0.0,
      "total_spent": 0.0,
      "created_at": "2025-10-23T13:15:17.236084",
      "last_transaction": null
    },
    {
      "user_id": "load_test_user_303",
      "balance": 0.0,
      "total_purchased": 0.0,
      "total_spent": 0.0,
      "created_at": "2025-10-23T13:15:17.238359",
      "last_transaction": null
    },
    {
      "user_id": "load_test_user_304",
      "balance": 0.0,
      "total_purchased": 0.0,
      "total_spent": 0.0,
      "created_at": "2025-10-23T13:15:17.240317",
      "last_transaction": null
    },
    {
      "user_id": "load_test_user_301",
      "balance": 0.0,
      "total_purchased": 0.0,
      "total_spent": 0.0,
      "created_at": "2025-10-23T13:15:17.242429",
      "last_transaction": null
    },
    {
      "user_id": "load_test_user_305",
      "balance": 0.0,
      "total_purchased": 0.0,
      "total_spent": 0.0,
      "created_at": "2025-10-23T13:15:17.244324",
      "last_transaction": null
    },
    {
      "user_id": "load_test_user_310",
      "balance": 0.0,
      "total_purchased": 0.0,
      "total_spent": 0.0,
      "created_at": "2025-10-23T13:15:17.248903",
      "last_transaction": null
    },
    {
      "user_id": "load_test_user_311",
      "balance": 0.0,
      "total_purchased": 0.0,
      "total_spent": 0.0,
      "created_at": "2025-10-23T13:15:17.347813",
      "last_transaction": null
    },
    {
      "user_id": "load_test_user_312",
      "balance": 0.0,
      "total_purchased": 0.0,
      "total_spent": 0.0,
      "created_at": "2025-10-23T13:15:17.349897",
      "last_transaction": null
    },
    {
      "user_id": "load_test_user_314",
      "balance": 0.0,
      "total_purchased": 0.0,
      "total_spent": 0.0,
      "created_at": "2025-10-23T13:15:17.352192",
      "last_transaction": null
    },
    {
      "user_id": "load_test_user_313",
      "balance": 0.0,
      "total_purchased": 0.0,
      "total_spent": 0.0,
      "created_at": "2025-10-23T13:15:17.354397",
      "last_transaction": null
    },
    {
      "user_id": "load_test_user_315",
      "balance": 0.0,
      "total_purchased": 0.0,
      "total_spent": 0.0,
      "created_at": "2025-10-23T13:15:17.356647",
      "last_transaction": null
    },
    {
      "user_id": "load_test_user_320",
      "balance": 0.0,
      "total_purchased": 0.0,
      "total_spent": 0.0,
      "created_at": "2025-10-23T13:15:17.361754",
      "last_transaction": null
    },
    {
      "user_id": "load_test_user_325",
      "balance": 0.0,
      "total_purchased": 0.0,
      "total_spent": 0.0,
      "created_at": "2025-10-23T13:15:17.463547",
      "last_transaction": null
    },
    {
      "user_id": "load_test_user_323",
      "balance": 0.0,
      "total_purchased": 0.0,
      "total_spent": 0.0,
      "created_at": "2025-10-23T13:15:17.465925",
      "last_transaction": null
    },
    {
      "user_id": "load_test_user_322",
      "balance": 0.0,
      "total_purchased": 0.0,
      "total_spent": 0.0,
      "created_at": "2025-10-23T13:15:17.467662",
      "last_transaction": null
    },
    {
      "user_id": "load_test_user_324",
      "balance": 0.0,
      "total_purchased": 0.0,
      "total_spent": 0.0,
      "created_at": "2025-10-23T13:15:17.469770",
      "last_transaction": null
    },
    {
      "user_id": "load_test_user_321",
      "balance": 0.0,
      "total_purchased": 0.0,
      "total_spent": 0.0,
      "created_at": "2025-10-23T13:15:17.472200",
      "last_transaction": null
    },
    {
      "user_id": "load_test_user_330",
      "balance": 0.0,
      "total_purchased": 0.0,
      "total_spent": 0.0,
      "created_at": "2025-10-23T13:15:17.476163",
      "last_transaction": null
    },
    {
      "user_id": "load_test_user_331",
      "balance": 0.0,
      "total_purchased": 0.0,
      "total_spent": 0.0,
      "created_at": "2025-10-23T13:15:17.568633",
      "last_transaction": null
    },
    {
      "user_id": "load_test_user_332",
      "balance": 0.0,
      "total_purchased": 0.0,
      "total_spent": 0.0,
      "created_at": "2025-10-23T13:15:17.571037",
      "last_transaction": null
    },
    {
      "user_id": "load_test_user_333",
      "balance": 0.0,
      "total_purchased": 0.0,
      "total_spent": 0.0,
      "created_at": "2025-10-23T13:15:17.573828",
      "last_transaction": null
    },
    {
      "user_id": "load_test_user_334",
      "balance": 0.0,
      "total_purchased": 0.0,
      "total_spent": 0.0,
      "created_at": "2025-10-23T13:15:17.575879",
      "last_transaction": null
    },
    {
      "user_id": "load_test_user_335",
      "balance": 0.0,
      "total_purchased": 0.0,
      "total_spent": 0.0,
      "created_at": "2025-10-23T13:15:17.577987",
      "last_transaction": null
    },
    {
      "user_id": "load_test_user_340",
      "balance": 0.0,
      "total_purchased": 0.0,
      "total_spent": 0.0,
      "created_at": "2025-10-23T13:15:17.582803",
      "last_transaction": null
    },
    {
      "user_id": "load_test_user_342",
      "balance": 0.0,
      "total_purchased": 0.0,
      "total_spent": 0.0,
      "created_at": "2025-10-23T13:15:17.681605",
      "last_transaction": null
    },
    {
      "user_id": "load_test_user_341",
      "balance": 0.0,
      "total_purchased": 0.0,
      "total_spent": 0.0,
      "created_at": "2025-10-23T13:15:17.684594",
      "last_transaction": null
    },
    {
      "user_id": "load_test_user_343",
      "balance": 0.0,
      "total_purchased": 0.0,
      "total_spent": 0.0,
      "created_at": "2025-10-23T13:15:17.686641",
      "last_transaction": null
    },
    {
      "user_id": "load_test_user_345",
      "balance": 0.0,
      "total_purchased": 0.0,
      "total_spent": 0.0,
      "created_at": "2025-10-23T13:15:17.689584",
      "last_transaction": null
    },
    {
      "user_id": "load_test_user_344",
      "balance": 0.0,
      "total_purchased": 0.0,
      "total_spent": 0.0,
      "created_at": "2025-10-23T13:15:17.691816",
      "last_transaction": null
    },
    {
      "user_id": "load_test_user_350",
      "balance": 0.0,
      "total_purchased": 0.0,
      "total_spent": 0.0,
      "created_at": "2025-10-23T13:15:17.695193",
      "last_transaction": null
    },
    {
      "user_id": "load_test_user_351",
      "balance": 0.0,
      "total_purchased": 0.0,
      "total_spent": 0.0,
      "created_at": "2025-10-23T13:15:17.792486",
      "last_transaction": null
    },
    {
      "user_id": "load_test_user_353",
      "balance": 0.0,
      "total_purchased": 0.0,
      "total_spent": 0.0,
      "created_at": "2025-10-23T13:15:17.795075",
      "last_transaction": null
    },
    {
      "user_id": "load_test_user_352",
      "balance": 0.0,
      "total_purchased": 0.0,
      "total_spent": 0.0,
      "created_at": "2025-10-23T13:15:17.796981",
      "last_transaction": null
    },
    {
      "user_id": "load_test_user_354",
      "balance": 0.0,
      "total_purchased": 0.0,
      "total_spent": 0.0,
      "created_at": "2025-10-23T13:15:17.799560",
      "last_transaction": null
    },
    {
      "user_id": "load_test_user_355",
      "balance": 0.0,
      "total_purchased": 0.0,
      "total_spent": 0.0,
      "created_at": "2025-10-23T13:15:17.802119",
      "last_transaction": null
    },
    {
      "user_id": "load_test_user_360",
      "balance": 0.0,
      "total_purchased": 0.0,
      "total_spent": 0.0,
      "created_at": "2025-10-23T13:15:17.806551",
      "last_transaction": null
    },
    {
      "user_id": "load_test_user_362",
      "balance": 0.0,
      "total_purchased": 0.0,
      "total_spent": 0.0,
      "created_at": "2025-10-23T13:15:17.909094",
      "last_transaction": null
    },
    {
      "user_id": "load_test_user_361",
      "balance": 0.0,
      "total_purchased": 0.0,
      "total_spent": 0.0,
      "created_at": "2025-10-23T13:15:17.911309",
      "last_transaction": null
    },
    {
      "user_id": "load_test_user_363",
      "balance": 0.0,
      "total_purchased": 0.0,
      "total_spent": 0.0,
      "created_at": "2025-10-23T13:15:17.915234",
      "last_transaction": null
    },
    {
      "user_id": "load_test_user_364",
      "balance": 0.0,
      "total_purchased": 0.0,
      "total_spent": 0.0,
      "created_at": "2025-10-23T13:15:17.917292",
      "last_transaction": null
    },
    {
      "user_id": "load_test_user_365",
      "balance": 0.0,
      "total_purchased": 0.0,
      "total_spent": 0.0,
      "created_at": "2025-10-23T13:15:17.966437",
      "last_transaction": null
    },
    {
      "user_id": "load_test_user_370",
      "balance": 0.0,
      "total_purchased": 0.0,
      "total_spent": 0.0,
      "created_at": "2025-10-23T13:15:17.987101",
      "last_transaction": null
    },
    {
      "user_id": "load_test_user_371",
      "balance": 0.0,
      "total_purchased": 0.0,
      "total_spent": 0.0,
      "created_at": "2025-10-23T13:15:18.088291",
      "last_transaction": null
    },
    {
      "user_id": "load_test_user_373",
      "balance": 0.0,
      "total_purchased": 0.0,
      "total_spent": 0.0,
      "created_at": "2025-10-23T13:15:18.094451",
      "last_transaction": null
    },
    {
      "user_id": "load_test_user_374",
      "balance": 0.0,
      "total_purchased": 0.0,
      "total_spent": 0.0,
      "created_at": "2025-10-23T13:15:18.104361",
      "last_transaction": null
    },
    {
      "user_id": "load_test_user_372",
      "balance": 0.0,
      "total_purchased": 0.0,
      "total_spent": 0.0,
      "created_at": "2025-10-23T13:15:18.110428",
      "last_transaction": null
    },
    {
      "user_id": "load_test_user_375",
      "balance": 0.0,
      "total_purchased": 0.0,
      "total_spent": 0.0,
      "created_at": "2025-10-23T13:15:18.165508",
      "last_transaction": null
    },
    {
      "user_id": "load_test_user_380",
      "balance": 0.0,
      "total_purchased": 0.0,
      "total_spent": 0.0,
      "created_at": "2025-10-23T13:15:18.270793",
      "last_transaction": null
    },
    {
      "user_id": "load_test_user_382",
      "balance": 0.0,
      "total_purchased": 0.0,
      "total_spent": 0.0,
      "created_at": "2025-10-23T13:15:18.407394",
      "last_transaction": null
    },
    {
      "user_id": "load_test_user_381",
      "balance": 0.0,
      "total_purchased": 0.0,
      "total_spent": 0.0,
      "created_at": "2025-10-23T13:15:18.413557",
      "last_transaction": null
    },
    {
      "user_id": "load_test_user_383",
      "balance": 0.0,
      "total_purchased": 0.0,
      "total_spent": 0.0,
      "created_at": "2025-10-23T13:15:18.415702",
      "last_transaction": null
    },
    {
      "user_id": "load_test_user_384",
      "balance": 0.0,
      "total_purchased": 0.0,
      "total_spent": 0.0,
      "created_at": "2025-10-23T13:15:18.469326",
      "last_transaction": null
    },
    {
      "user_id": "load_test_user_385",
      "balance": 0.0,
      "total_purchased": 0.0,
      "total_spent": 0.0,
      "created_at": "2025-10-23T13:15:18.492634",
      "last_transaction": null
    },
    {
      "user_id": "load_test_user_390",
      "balance": 0.0,
      "total_purchased": 0.0,
      "total_spent": 0.0,
      "created_at": "2025-10-23T13:15:18.598368",
      "last_transaction": null
    },
    {
      "user_id": "load_test_user_391",
      "balance": 0.0,
      "total_purchased": 0.0,
      "total_spent": 0.0,
      "created_at": "2025-10-23T13:15:18.711405",
      "last_transaction": null
    },
    {
      "user_id": "load_test_user_392",
      "balance": 0.0,
      "total_purchased": 0.0,
      "total_spent": 0.0,
      "created_at": "2025-10-23T13:15:18.773626",
      "last_transaction": null
    },
    {
      "user_id": "load_test_user_394",
      "balance": 0.0,
      "total_purchased": 0.0,
      "total_spent": 0.0,
      "created_at": "2025-10-23T13:15:18.787691",
      "last_transaction": null
    },
    {
      "user_id": "load_test_user_393",
      "balance": 0.0,
      "total_purchased": 0.0,
      "total_spent": 0.0,
      "created_at": "2025-10-23T13:15:18.790167",
      "last_transaction": null
    },
    {
      "user_id": "load_test_user_395",
      "balance": 0.0,
      "total_purchased": 0.0,
      "total_spent": 0.0,
      "created_at": "2025-10-23T13:15:18.867213",
      "last_transaction": null
    },
    {
      "user_id": "load_test_user_400",
      "balance": 0.0,
      "total_purchased": 0.0,
      "total_spent": 0.0,
      "created_at": "2025-10-23T13:15:18.905259",
      "last_transaction": null
    },
    {
      "user_id": "load_test_user_403",
      "balance": 0.0,
      "total_purchased": 0.0,
      "total_spent": 0.0,
      "created_at": "2025-10-23T13:15:19.097616",
      "last_transaction": null
    },
    {
      "user_id": "load_test_user_402",
      "balance": 0.0,
      "total_purchased": 0.0,
      "total_spent": 0.0,
      "created_at": "2025-10-23T13:15:19.107694",
      "last_transaction": null
    },
    {
      "user_id": "load_test_user_401",
      "balance": 0.0,
      "total_purchased": 0.0,
      "total_spent": 0.0,
      "created_at": "2025-10-23T13:15:19.178919",
      "last_transaction": null
    },
    {
      "user_id": "load_test_user_404",
      "balance": 0.0,
      "total_purchased": 0.0,
      "total_spent": 0.0,
      "created_at": "2025-10-23T13:15:19.202828",
      "last_transaction": null
    },
    {
      "user_id": "load_test_user_405",
      "balance": 0.0,
      "total_purchased": 0.0,
      "total_spent": 0.0,
      "created_at": "2025-10-23T13:15:19.309581",
      "last_transaction": null
    },
    {
      "user_id": "load_test_user_411",
      "balance": 0.0,
      "total_purchased": 0.0,
      "total_spent": 0.0,
      "created_at": "2025-10-23T13:15:19.570865",
      "last_transaction": null
    },
    {
      "user_id": "load_test_user_410",
      "balance": 0.0,
      "total_purchased": 0.0,
      "total_spent": 0.0,
      "created_at": "2025-10-23T13:15:19.575132",
      "last_transaction": null
    },
    {
      "user_id": "load_test_user_413",
      "balance": 0.0,
      "total_purchased": 0.0,
      "total_spent": 0.0,
      "created_at": "2025-10-23T13:15:19.670872",
      "last_transaction": null
    },
    {
      "user_id": "load_test_user_412",
      "balance": 0.0,
      "total_purchased": 0.0,
      "total_spent": 0.0,
      "created_at": "2025-10-23T13:15:19.868527",
      "last_transaction": null
    },
    {
      "user_id": "load_test_user_414",
      "balance": 0.0,
      "total_purchased": 0.0,
      "total_spent": 0.0,
      "created_at": "2025-10-23T13:15:19.889394",
      "last_transaction": null
    },
    {
      "user_id": "load_test_user_415",
      "balance": 0.0,
      "total_purchased": 0.0,
      "total_spent": 0.0,
      "created_at": "2025-10-23T13:15:20.110069",
      "last_transaction": null
    },
    {
      "user_id": "load_test_user_420",
      "balance": 0.0,
      "total_purchased": 0.0,
      "total_spent": 0.0,
      "created_at": "2025-10-23T13:15:20.265125",
      "last_transaction": null
    },
    {
      "user_id": "load_test_user_422",
      "balance": 0.0,
      "total_purchased": 0.0,
      "total_spent": 0.0,
      "created_at": "2025-10-23T13:15:20.478861",
      "last_transaction": null
    },
    {
      "user_id": "load_test_user_423",
      "balance": 0.0,
      "total_purchased": 0.0,
      "total_spent": 0.0,
      "created_at": "2025-10-23T13:15:20.487689",
      "last_transaction": null
    },
    {
      "user_id": "load_test_user_421",
      "balance": 0.0,
      "total_purchased": 0.0,
      "total_spent": 0.0,
      "created_at": "2025-10-23T13:15:20.577745",
      "last_transaction": null
    },
    {
      "user_id": "load_test_user_424",
      "balance": 0.0,
      "total_purchased": 0.0,
      "total_spent": 0.0,
      "created_at": "2025-10-23T13:15:20.597068",
      "last_transaction": null
    },
    {
      "user_id": "load_test_user_425",
      "balance": 0.0,
      "total_purchased": 0.0,
      "total_spent": 0.0,
      "created_at": "2025-10-23T13:15:20.699999",
      "last_transaction": null
    },
    {
      "user_id": "load_test_user_430",
      "balance": 0.0,
      "total_purchased": 0.0,
      "total_spent": 0.0,
      "created_at": "2025-10-23T13:15:20.796477",
      "last_transaction": null
    },
    {
      "user_id": "load_test_user_431",
      "balance": 0.0,
      "total_purchased": 0.0,
      "total_spent": 0.0,
      "created_at": "2025-10-23T13:15:20.967574",
      "last_transaction": null
    },
    {
      "user_id": "load_test_user_432",
      "balance": 0.0,
      "total_purchased": 0.0,
      "total_spent": 0.0,
      "created_at": "2025-10-23T13:15:20.990966",
      "last_transaction": null
    },
    {
      "user_id": "load_test_user_433",
      "balance": 0.0,
      "total_purchased": 0.0,
      "total_spent": 0.0,
      "created_at": "2025-10-23T13:15:21.068684",
      "last_transaction": null
    },
    {
      "user_id": "load_test_user_434",
      "balance": 0.0,
      "total_purchased": 0.0,
      "total_spent": 0.0,
      "created_at": "2025-10-23T13:15:21.076964",
      "last_transaction": null
    },
    {
      "user_id": "load_test_user_435",
      "balance": 0.0,
      "total_purchased": 0.0,
      "total_spent": 0.0,
      "created_at": "2025-10-23T13:15:21.111445",
      "last_transaction": null
    },
    {
      "user_id": "load_test_user_441",
      "balance": 0.0,
      "total_purchased": 0.0,
      "total_spent": 0.0,
      "created_at": "2025-10-23T13:15:21.468123",
      "last_transaction": null
    },
    {
      "user_id": "load_test_user_442",
      "balance": 0.0,
      "total_purchased": 0.0,
      "total_spent": 0.0,
      "created_at": "2025-10-23T13:15:21.697682",
      "last_transaction": null
    },
    {
      "user_id": "load_test_user_440",
      "balance": 0.0,
      "total_purchased": 0.0,
      "total_spent": 0.0,
      "created_at": "2025-10-23T13:15:21.781745",
      "last_transaction": null
    },
    {
      "user_id": "load_test_user_444",
      "balance": 0.0,
      "total_purchased": 0.0,
      "total_spent": 0.0,
      "created_at": "2025-10-23T13:15:21.883021",
      "last_transaction": null
    },
    {
      "user_id": "load_test_user_443",
      "balance": 0.0,
      "total_purchased": 0.0,
      "total_spent": 0.0,
      "created_at": "2025-10-23T13:15:23.168567",
      "last_transaction": null
    },
    {
      "user_id": "load_test_user_445",
      "balance": 0.0,
      "total_purchased": 0.0,
      "total_spent": 0.0,
      "created_at": "2025-10-23T13:15:23.677867",
      "last_transaction": null
    },
    {
      "user_id": "load_test_user_450",
      "balance": 0.0,
      "total_purchased": 0.0,
      "total_spent": 0.0,
      "created_at": "2025-10-23T13:15:24.165235",
      "last_transaction": null
    },
    {
      "user_id": "load_test_user_451",
      "balance": 0.0,
      "total_purchased": 0.0,
      "total_spent": 0.0,
      "created_at": "2025-10-23T13:15:24.502289",
      "last_transaction": null
    },
    {
      "user_id": "load_test_user_452",
      "balance": 0.0,
      "total_purchased": 0.0,
      "total_spent": 0.0,
      "created_at": "2025-10-23T13:15:24.572021",
      "last_transaction": null
    },
    {
      "user_id": "load_test_user_453",
      "balance": 0.0,
      "total_purchased": 0.0,
      "total_spent": 0.0,
      "created_at": "2025-10-23T13:15:24.582691",
      "last_transaction": null
    },
    {
      "user_id": "load_test_user_454",
      "balance": 0.0,
      "total_purchased": 0.0,
      "total_spent": 0.0,
      "created_at": "2025-10-23T13:15:24.594121",
      "last_transaction": null
    },
    {
      "user_id": "load_test_user_455",
      "balance": 0.0,
      "total_purchased": 0.0,
      "total_spent": 0.0,
      "created_at": "2025-10-23T13:15:24.692979",
      "last_transaction": null
    },
    {
      "user_id": "load_test_user_460",
      "balance": 0.0,
      "total_purchased": 0.0,
      "total_spent": 0.0,
      "created_at": "2025-10-23T13:15:24.707835",
      "last_transaction": null
    },
    {
      "user_id": "load_test_user_461",
      "balance": 0.0,
      "total_purchased": 0.0,
      "total_spent": 0.0,
      "created_at": "2025-10-23T13:15:24.805344",
      "last_transaction": null
    },
    {
      "user_id": "load_test_user_463",
      "balance": 0.0,
      "total_purchased": 0.0,
      "total_spent": 0.0,
      "created_at": "2025-10-23T13:15:24.808386",
      "last_transaction": null
    },
    {
      "user_id": "load_test_user_462",
      "balance": 0.0,
      "total_purchased": 0.0,
      "total_spent": 0.0,
      "created_at": "2025-10-23T13:15:24.810733",
      "last_transaction": null
    },
    {
      "user_id": "load_test_user_464",
      "balance": 0.0,
      "total_purchased": 0.0,
      "total_spent": 0.0,
      "created_at": "2025-10-23T13:15:24.813999",
      "last_transaction": null
    },
    {
      "user_id": "load_test_user_465",
      "balance": 0.0,
      "total_purchased": 0.0,
      "total_spent": 0.0,
      "created_at": "2025-10-23T13:15:24.816317",
      "last_transaction": null
    },
    {
      "user_id": "load_test_user_470",
      "balance": 0.0,
      "total_purchased": 0.0,
      "total_spent": 0.0,
      "created_at": "2025-10-23T13:15:24.821531",
      "last_transaction": null
    },
    {
      "user_id": "load_test_user_471",
      "balance": 0.0,
      "total_purchased": 0.0,
      "total_spent": 0.0,
      "created_at": "2025-10-23T13:15:24.913747",
      "last_transaction": null
    },
    {
      "user_id": "load_test_user_472",
      "balance": 0.0,
      "total_purchased": 0.0,
      "total_spent": 0.0,
      "created_at": "2025-10-23T13:15:24.917132",
      "last_transaction": null
    },
    {
      "user_id": "load_test_user_473",
      "balance": 0.0,
      "total_purchased": 0.0,
      "total_spent": 0.0,
      "created_at": "2025-10-23T13:15:24.919620",
      "last_transaction": null
    },
    {
      "user_id": "load_test_user_474",
      "balance": 0.0,
      "total_purchased": 0.0,
      "total_spent": 0.0,
      "created_at": "2025-10-23T13:15:24.922309",
      "last_transaction": null
    },
    {
      "user_id": "load_test_user_475",
      "balance": 0.0,
      "total_purchased": 0.0,
      "total_spent": 0.0,
      "created_at": "2025-10-23T13:15:24.925646",
      "last_transaction": null
    },
    {
      "user_id": "load_test_user_480",
      "balance": 0.0,
      "total_purchased": 0.0,
      "total_spent": 0.0,
      "created_at": "2025-10-23T13:15:24.928908",
      "last_transaction": null
    },
    {
      "user_id": "load_test_user_481",
      "balance": 0.0,
      "total_purchased": 0.0,
      "total_spent": 0.0,
      "created_at": "2025-10-23T13:15:25.022687",
      "last_transaction": null
    },
    {
      "user_id": "load_test_user_483",
      "balance": 0.0,
      "total_purchased": 0.0,
      "total_spent": 0.0,
      "created_at": "2025-10-23T13:15:25.026017",
      "last_transaction": null
    },
    {
      "user_id": "load_test_user_482",
      "balance": 0.0,
      "total_purchased": 0.0,
      "total_spent": 0.0,
      "created_at": "2025-10-23T13:15:25.028572",
      "last_transaction": null
    },
    {
      "user_id": "load_test_user_484",
      "balance": 0.0,
      "total_purchased": 0.0,
      "total_spent": 0.0,
      "created_at": "2025-10-23T13:15:25.031964",
      "last_transaction": null
    },
    {
      "user_id": "load_test_user_485",
      "balance": 0.0,
      "total_purchased": 0.0,
      "total_spent": 0.0,
      "created_at": "2025-10-23T13:15:25.064662",
      "last_transaction": null
    },
    {
      "user_id": "load_test_user_490",
      "balance": 0.0,
      "total_purchased": 0.0,
      "total_spent": 0.0,
      "created_at": "2025-10-23T13:15:25.069715",
      "last_transaction": null
    },
    {
      "user_id": "load_test_user_491",
      "balance": 0.0,
      "total_purchased": 0.0,
      "total_spent": 0.0,
      "created_at": "2025-10-23T13:15:25.277439",
      "last_transaction": null
    },
    {
      "user_id": "load_test_user_492",
      "balance": 0.0,
      "total_purchased": 0.0,
      "total_spent": 0.0,
      "created_at": "2025-10-23T13:15:25.366768",
      "last_transaction": null
    },
    {
      "user_id": "load_test_user_493",
      "balance": 0.0,
      "total_purchased": 0.0,
      "total_spent": 0.0,
      "created_at": "2025-10-23T13:15:25.484999",
      "last_transaction": null
    },
    {
      "user_id": "load_test_user_494",
      "balance": 0.0,
      "total_purchased": 0.0,
      "total_spent": 0.0,
      "created_at": "2025-10-23T13:15:25.674252",
      "last_transaction": null
    },
    {
      "user_id": "load_test_user_495",
      "balance": 0.0,
      "total_purchased": 0.0,
      "total_spent": 0.0,
      "created_at": "2025-10-23T13:15:25.886321",
      "last_transaction": null
    },
    {
      "user_id": "test_rate_limit_1761230300",
      "balance": 0.0,
      "total_purchased": 0.0,
      "total_spent": 0.0,
      "created_at": "2025-10-23T14:38:20.057004",
      "last_transaction": null
    },
    {
      "user_id": "test",
      "balance": 0.0,
      "total_purchased": 0.0,
      "total_spent": 0.0,
      "created_at": "2025-10-23T14:39:46.679191",
      "last_transaction": null
    },
    {
      "user_id": "test_rate_limit_1761230394",
      "balance": 0.0,
      "total_purchased": 0.0,
      "total_spent": 0.0,
      "created_at": "2025-10-23T14:39:54.605931",
      "last_transaction": null
    },
    {
      "user_id": "test_rate_limit_1761230445",
      "balance": 0.0,
      "total_purchased": 0.0,
      "total_spent": 0.0,
      "created_at": "2025-10-23T14:40:45.116415",
      "last_transaction": null
    },
    {
      "user_id": "test_user_purchase_001",
      "balance": 50.0,
      "total_purchased": 50.0,
      "total_spent": 0.0,
      "created_at": "2025-10-23T14:40:47.699786",
      "last_transaction": "2025-10-23T14:40:47.702409"
    },
    {
      "user_id": "test_rate_limit_1761230474",
      "balance": 0.0,
      "total_purchased": 0.0,
      "total_spent": 0.0,
      "created_at": "2025-10-23T14:41:14.177790",
      "last_transaction": null
    },
    {
      "user_id": "test_rate_limit_1761230562",
      "balance": 0.0,
      "total_purchased": 0.0,
      "total_spent": 0.0,
      "created_at": "2025-10-23T14:42:42.774311",
      "last_transaction": null
    },
    {
      "user_id": "user1",
      "balance": 0.0,
      "total_purchased": 0.0,
      "total_spent": 0.0,
      "created_at": "2025-10-23T14:44:36.731860",
      "last_transaction": null
    }
  ],
  "last_updated": "2025-10-23T14:44:36.732293"
}