{
  "identity_verifications": [
    {
      "verification_id": "idv_de70d8c91a96e48b",
      "developer_id": "dev-f0ec08f12e300c2a",
      "status": "pending",
      "full_name": "Test Developer One",
      "date_of_birth": "1990-01-01",
      "address": {
        "street": "123 Test St",
        "city": "Test City",
        "state": "TS",
        "zip": "12345",
        "country": "US"
      },
      "id_document_type": "passport",
      "id_document_expiry": "2030-12-31",
      "submitted_at": "2025-10-23T13:12:34.743648",
      "reviewed_at": null,
      "reviewer_notes": null,
      "metadata": {}
    }
  ],
  "tax_information": [
    {
      "tax_info_id": "tax_cb0d5b748cc391f2",
      "developer_id": "dev-122ab4e488c3df9c",
      "form_type": "w9",
      "status": "pending",
      "country": "US",
      "is_us_person": true,
      "treaty_benefits_claimed": false,
      "submitted_at": "2025-10-23T14:38:22.629223",
      "reviewed_at": null,
      "reviewer_notes": null,
      "metadata": {}
    },
    {
      "tax_info_id": "tax_155d9bf2989665ed",
      "developer_id": "dev-f0e3d9c0f7e10025",
      "form_type": "w9",
      "status": "pending",
      "country": "US",
      "is_us_person": true,
      "treaty_benefits_claimed": false,
      "submitted_at": "2025-10-23T14:40:47.695895",
      "reviewed_at": null,
      "reviewer_notes": null,
      "metadata": {}
    },
    {
      "tax_info_id": "tax_5337e66f6ec8e17e",
      "developer_id": "dev-62e8bbf1bcbd531e",
      "form_type": "w9",
      "status": "pending",
      "country": "US",
      "is_us_person": true,
      "treaty_benefits_claimed": false,
      "submitted_at": "2025-10-23T14:41:17.321222",
      "reviewed_at": null,
      "reviewer_notes": null,
      "metadata": {}
    },
    {
      "tax_info_id": "tax_e6e9448bad86aad4",
      "developer_id": "dev-70fad00c89221672",
      "form_type": "w9",
      "status": "pending",
      "country": "US",
      "is_us_person": true,
      "treaty_benefits_claimed": false,
      "submitted_at": "2025-10-23T14:42:45.926600",
      "reviewed_at": null,
      "reviewer_notes": null,
      "metadata": {}
    },
    {
      "tax_info_id": "tax_338e7c5fb5e8a533",
      "developer_id": "dev-d0f6fd69ce58f111",
      "form_type": "w9",
      "status": "pending",
      "country": "US",
      "is_us_person": true,
      "treaty_benefits_claimed": false,
      "submitted_at": "2025-10-23T14:44:54.042538",
      "reviewed_at": null,
      "reviewer_notes": null,
      "metadata": {}
    }
  ],
  "payout_accounts": [],
  "last_updated": "2025-10-23T14:44:54.042558"
}