{
  "identity_verifications": [
    {
      "verification_id": "idv_de70d8c91a96e48b",
      "developer_id": "dev-f0ec08f12e300c2a",
      "status": "pending",
      "full_name": "Test Developer One",
      "date_of_birth": "1990-01-01",
      "address": {
        "street": "123 Test St",
        "city": "Test City",
        "state": "TS",
        "zip": "12345",
        "country": "US"
      },
      "id_document_type": "passport",
      "id_document_expiry": "2030-12-31",
      "submitted_at": "2025-10-23T13:12:34.743648",
      "reviewed_at": null,
      "reviewer_notes": null,
      "metadata": {}
    }
  ],
  "tax_information": [],
  "payout_accounts": [],
  "last_updated": "2025-10-23T13:12:34.743659"
}