{
  "id": "2ed80045-d979-4aba-8da3-522ff0378263",
  "name": "Untitled Project",
  "created_at": "",
  "updated_at": "",
  "ui_layout": {
    "project_id": "2ed80045-d979-4aba-8da3-522ff0378263",
    "components": [
      {
        "id": "button-1",
        "type": "button",
        "x": 100,
        "y": 100,
        "width": 200,
        "height": 50,
        "props": {
          "text": "Click Me",
          "variant": "primary",
          "size": "medium"
        }
      },
      {
        "id": "card-1",
        "type": "card",
        "x": 100,
        "y": 200,
        "width": 300,
        "height": 150,
        "props": {
          "title": "Test Card",
          "content": "This is a test card from Phase 12.4"
        }
      }
    ],
    "version": "1.0.0",
    "metadata": null
  }
}