{
  "id": "3bc3d7dd-ef97-4261-bf35-cd8d3e588fe5",
  "name": "Untitled Project",
  "created_at": "",
  "updated_at": "",
  "ui_layout": {
    "project_id": "3bc3d7dd-ef97-4261-bf35-cd8d3e588fe5",
    "components": [
      {
        "id": "btn-1",
        "type": "button",
        "x": 100,
        "y": 100,
        "width": 120,
        "height": 40,
        "props": {
          "text": "Click Me",
          "variant": "primary",
          "size": "medium"
        }
      },
      {
        "id": "input-1",
        "type": "input",
        "x": 250,
        "y": 100,
        "width": 200,
        "height": 40,
        "props": {
          "label": "Email",
          "placeholder": "Enter your email",
          "type": "email",
          "required": true
        }
      },
      {
        "id": "card-1",
        "type": "card",
        "x": 100,
        "y": 180,
        "width": 300,
        "height": 200,
        "props": {
          "title": "Welcome Card",
          "content": "This is a sample card component",
          "variant": "elevated"
        }
      },
      {
        "id": "table-1",
        "type": "table",
        "x": 500,
        "y": 100,
        "width": 600,
        "height": 300,
        "props": {
          "columns": "Name,Email,Status",
          "striped": true,
          "bordered": true
        }
      }
    ],
    "version": "1.0.0",
    "metadata": null
  }
}