{
  "projects": {
    "fabric_project_1": {
      "project_id": "fabric_project_1",
      "registered_at": 1761114341.2834358,
      "status": "active",
      "metadata": {
        "description": "High-performing project"
      },
      "aggregation_count": 1,
      "last_aggregation": 1761114341.2857485,
      "performance_snapshot": {
        "planner": {
          "total_tasks": 20,
          "success_count": 19,
          "failure_count": 1,
          "avg_duration": 2.5,
          "task_types": [
            "plan"
          ]
        },
        "builder": {
          "total_tasks": 20,
          "success_count": 17,
          "failure_count": 3,
          "avg_duration": 15.3,
          "task_types": [
            "build"
          ]
        }
      }
    },
    "fabric_project_2": {
      "project_id": "fabric_project_2",
      "registered_at": 1761114341.2836113,
      "status": "active",
      "metadata": {
        "description": "Good project"
      },
      "aggregation_count": 1,
      "last_aggregation": 1761114341.2859335,
      "performance_snapshot": {
        "planner": {
          "total_tasks": 20,
          "success_count": 17,
          "failure_count": 3,
          "avg_duration": 2.5,
          "task_types": [
            "plan"
          ]
        },
        "builder": {
          "total_tasks": 20,
          "success_count": 15,
          "failure_count": 5,
          "avg_duration": 15.3,
          "task_types": [
            "build"
          ]
        }
      }
    },
    "fabric_project_3": {
      "project_id": "fabric_project_3",
      "registered_at": 1761114341.2837985,
      "status": "active",
      "metadata": {
        "description": "Excellent project"
      },
      "aggregation_count": 1,
      "last_aggregation": 1761114341.2863836,
      "performance_snapshot": {
        "planner": {
          "total_tasks": 20,
          "success_count": 18,
          "failure_count": 2,
          "avg_duration": 2.5,
          "task_types": [
            "plan"
          ]
        },
        "builder": {
          "total_tasks": 20,
          "success_count": 16,
          "failure_count": 4,
          "avg_duration": 15.3,
          "task_types": [
            "build"
          ]
        }
      }
    }
  },
  "global_agent_performance": {
    "planner": {
      "total_tasks": 60,
      "success_count": 54,
      "failure_count": 6,
      "total_duration": 150.0,
      "projects_used_in": [
        "fabric_project_2",
        "fabric_project_1",
        "fabric_project_3"
      ],
      "task_types": {
        "plan": 3
      }
    },
    "builder": {
      "total_tasks": 60,
      "success_count": 48,
      "failure_count": 12,
      "total_duration": 918.0,
      "projects_used_in": [
        "fabric_project_2",
        "fabric_project_1",
        "fabric_project_3"
      ],
      "task_types": {
        "build": 3
      }
    }
  },
  "global_patterns": [],
  "best_practices": [],
  "stats": {
    "total_projects": 3,
    "active_projects": 3,
    "total_tasks_across_projects": 120,
    "avg_project_success_rate": 0.85,
    "patterns_detected": 0,
    "best_practices_extracted": 0,
    "last_aggregation": 1761114341.2863836
  }
}