{
  "fabric_state": "running",
  "fabric_stats": {
    "cycles_completed": 3,
    "projects_tracked": 3,
    "knowledge_aggregations": 3,
    "policies_learned": 18,
    "templates_generated": 6
  },
  "global_knowledge": {
    "summary": {
      "total_projects": 3,
      "active_projects": 3,
      "total_tasks_across_projects": 120,
      "avg_project_success_rate": 0.85,
      "patterns_detected": 0,
      "best_practices_extracted": 0,
      "last_aggregation": 1761114341.2863836
    },
    "global_success_rate": 0.8500000000000001,
    "total_agents": 2,
    "top_performing_agents": [
      {
        "agent_id": "planner",
        "success_rate": 0.9
      },
      {
        "agent_id": "builder",
        "success_rate": 0.8
      }
    ],
    "bottom_performing_agents": [],
    "cross_project_patterns": 0,
    "best_practices_available": 0
  },
  "learning": {
    "policies_learned": 36,
    "policies_applied": 0,
    "improvements_measured": 0,
    "avg_improvement": 0.0,
    "policies_available": 6,
    "benchmarks_calculated": 1
  },
  "distillation": {
    "templates_created": 6,
    "templates_applied": 0,
    "avg_improvement": 0.0,
    "successful_applications": 0,
    "templates_available": 4,
    "application_success_rate": 0.0
  },
  "federation": {
    "total_nodes": 3,
    "active_nodes": 3,
    "total_syncs": 3,
    "failed_syncs": 0,
    "conflicts_resolved": 0,
    "nodes_by_status": {
      "active": 3,
      "syncing": 0,
      "offline": 0,
      "completed": 0,
      "error": 0
    },
    "avg_sync_count": 1.0,
    "sync_success_rate": 1.0
  },
  "cross_project_patterns": {
    "total": 0,
    "critical": 0,
    "patterns": []
  },
  "recommendations": [
    {
      "type": "learned_policy",
      "priority": "low",
      "title": "Apply learned agent_assignment policy",
      "description": "Agent planner has highest reward score (0.950) for plan tasks across projects",
      "policy_id": "agent_assignment_plan",
      "confidence": 0.9500000000000001
    },
    {
      "type": "learned_policy",
      "priority": "low",
      "title": "Apply learned agent_assignment policy",
      "description": "Agent builder has highest reward score (0.900) for build tasks across projects",
      "policy_id": "agent_assignment_build",
      "confidence": 0.9000000000000001
    },
    {
      "type": "learned_policy",
      "priority": "low",
      "title": "Apply learned timeout_configuration policy",
      "description": "Based on 60 tasks across 3 projects",
      "policy_id": "timeout_planner",
      "confidence": 0.8
    },
    {
      "type": "learned_policy",
      "priority": "low",
      "title": "Apply learned timeout_configuration policy",
      "description": "Based on 60 tasks across 3 projects",
      "policy_id": "timeout_builder",
      "confidence": 0.8
    },
    {
      "type": "learned_policy",
      "priority": "low",
      "title": "Apply learned retry_strategy policy",
      "description": "Success rate 90.0% suggests 1 retries optimal",
      "policy_id": "retry_planner",
      "confidence": 0.75
    },
    {
      "type": "learned_policy",
      "priority": "low",
      "title": "Apply learned retry_strategy policy",
      "description": "Success rate 80.0% suggests 2 retries optimal",
      "policy_id": "retry_builder",
      "confidence": 0.75
    }
  ],
  "best_practices": []
}