{
  "agent_assignment_plan": {
    "policy_id": "agent_assignment_plan",
    "policy_type": "agent_assignment",
    "task_type": "plan",
    "recommended_agent": "planner",
    "confidence": 0.9500000000000001,
    "alternatives": [],
    "reason": "Agent planner has highest reward score (0.950) for plan tasks across projects"
  },
  "agent_assignment_build": {
    "policy_id": "agent_assignment_build",
    "policy_type": "agent_assignment",
    "task_type": "build",
    "recommended_agent": "builder",
    "confidence": 0.9000000000000001,
    "alternatives": [],
    "reason": "Agent builder has highest reward score (0.900) for build tasks across projects"
  },
  "timeout_planner": {
    "policy_id": "timeout_planner",
    "policy_type": "timeout_configuration",
    "agent_id": "planner",
    "recommended_timeout": 30,
    "based_on_avg_duration": 2.5,
    "confidence": 0.8,
    "reason": "Based on 60 tasks across 3 projects"
  },
  "timeout_builder": {
    "policy_id": "timeout_builder",
    "policy_type": "timeout_configuration",
    "agent_id": "builder",
    "recommended_timeout": 38.25,
    "based_on_avg_duration": 15.3,
    "confidence": 0.8,
    "reason": "Based on 60 tasks across 3 projects"
  },
  "retry_planner": {
    "policy_id": "retry_planner",
    "policy_type": "retry_strategy",
    "agent_id": "planner",
    "max_retries": 1,
    "backoff_strategy": "exponential",
    "success_rate": 0.9,
    "confidence": 0.75,
    "reason": "Success rate 90.0% suggests 1 retries optimal"
  },
  "retry_builder": {
    "policy_id": "retry_builder",
    "policy_type": "retry_strategy",
    "agent_id": "builder",
    "max_retries": 2,
    "backoff_strategy": "exponential",
    "success_rate": 0.8,
    "confidence": 0.75,
    "reason": "Success rate 80.0% suggests 2 retries optimal"
  }
}