{
  "dashboard": {
    "title": "System Overview - Cloudy Marketplace",
    "tags": ["cloudy-marketplace", "system", "phase-12.25.1"],
    "timezone": "browser",
    "refresh": "30s",
    "time": {
      "from": "now-1h",
      "to": "now"
    },
    "panels": [
      {
        "id": 1,
        "title": "Cluster Health",
        "type": "stat",
        "targets": [
          {
            "expr": "up{job=\"kubernetes-nodes\"}",
            "legendFormat": "Nodes Up"
          }
        ]
      },
      {
        "id": 2,
        "title": "Request Rate (RPS)",
        "type": "graph",
        "targets": [
          {
            "expr": "sum(rate(http_requests_total[5m]))",
            "legendFormat": "Total RPS"
          }
        ]
      },
      {
        "id": 3,
        "title": "Error Rate",
        "type": "graph",
        "targets": [
          {
            "expr": "sum(rate(http_requests_total{status=~\"5..\"}[5m])) / sum(rate(http_requests_total[5m]))",
            "legendFormat": "Error Rate %"
          }
        ]
      },
      {
        "id": 4,
        "title": "P50/P95/P99 Latency",
        "type": "graph",
        "targets": [
          {
            "expr": "histogram_quantile(0.50, rate(http_request_duration_seconds_bucket[5m]))",
            "legendFormat": "P50"
          },
          {
            "expr": "histogram_quantile(0.95, rate(http_request_duration_seconds_bucket[5m]))",
            "legendFormat": "P95"
          },
          {
            "expr": "histogram_quantile(0.99, rate(http_request_duration_seconds_bucket[5m]))",
            "legendFormat": "P99"
          }
        ]
      },
      {
        "id": 5,
        "title": "Pod Count by Deployment",
        "type": "graph",
        "targets": [
          {
            "expr": "kube_deployment_status_replicas{namespace=\"cloudy-marketplace\"}",
            "legendFormat": "{{deployment}}"
          }
        ]
      }
    ]
  }
}
