[
  {
    "id": "69041c05-5672-45b3-8a39-559f2ba5ef77",
    "user_id": "user2",
    "action": "joined",
    "timestamp": "2025-10-22T04:11:53.854248",
    "details": {
      "username": "Bob"
    }
  },
  {
    "id": "d0f4e27a-1d6d-462e-8d0a-00eb4e424951",
    "user_id": "user1",
    "action": "permission_changed",
    "timestamp": "2025-10-22T04:11:53.856884",
    "details": {
      "target_user": "user2",
      "old_role": "editor",
      "new_role": "editor"
    }
  },
  {
    "id": "52ed4f53-5950-4239-92a7-5d264da735d6",
    "user_id": "user1",
    "action": "chat",
    "timestamp": "2025-10-22T04:11:53.859448",
    "details": {
      "message": "Hello from test!"
    }
  },
  {
    "id": "3f1dbbcf-de29-46a7-bdec-8b8cf3ef49eb",
    "user_id": "user2",
    "action": "left",
    "timestamp": "2025-10-22T04:11:53.868136",
    "details": {
      "username": "Bob"
    }
  }
]