{
  "audit_metadata": {
    "audit_date": "2025-10-26T13:59:29.131377",
    "audit_period_days": 7,
    "start_date": "2025-10-19T13:59:29.129918",
    "end_date": "2025-10-26T12:59:29.129918",
    "total_hours": 168
  },
  "executive_summary": {
    "availability_percent": 99.9351,
    "avg_p95_latency_ms": 141.98,
    "avg_error_rate_percent": 0.06,
    "slo_compliance_status": "PASS",
    "anomaly_count": 5,
    "total_cost": 121.06,
    "cost_efficiency": "excellent",
    "security_rating": "excellent"
  },
  "slo_compliance": {
    "availability": {
      "target": 99.9,
      "actual": 99.9351,
      "status": "pass",
      "error_budget_remaining": 35.1
    },
    "p95_latency": {
      "target": 300,
      "actual": 141.98,
      "status": "pass",
      "headroom_percent": 52.67
    },
    "p99_latency": {
      "target": 500,
      "actual": 219.06,
      "status": "pass",
      "headroom_percent": 56.19
    },
    "error_rate": {
      "target": 0.1,
      "actual": 0.06,
      "status": "pass"
    },
    "peak_rps": {
      "target": 1500,
      "actual": 2232,
      "status": "pass"
    }
  },
  "anomalies": [
    {
      "type": "latency_spike",
      "severity": "warning",
      "timestamp": "2025-10-20T22:59:29.129918",
      "value": 622.19,
      "baseline": 141.9839880952381,
      "description": "P95 latency spike: 622.19ms (baseline: 142.0ms)"
    },
    {
      "type": "error_spike",
      "severity": "warning",
      "timestamp": "2025-10-21T10:59:29.129918",
      "value": 0.2837,
      "baseline": 0.06118869047619047,
      "description": "Error rate spike: 0.2837% (baseline: 0.06%)"
    },
    {
      "type": "error_spike",
      "severity": "warning",
      "timestamp": "2025-10-22T00:59:29.129918",
      "value": 0.1723,
      "baseline": 0.06118869047619047,
      "description": "Error rate spike: 0.1723% (baseline: 0.06%)"
    },
    {
      "type": "error_spike",
      "severity": "warning",
      "timestamp": "2025-10-24T02:59:29.129918",
      "value": 0.2373,
      "baseline": 0.06118869047619047,
      "description": "Error rate spike: 0.2373% (baseline: 0.06%)"
    },
    {
      "type": "latency_spike",
      "severity": "warning",
      "timestamp": "2025-10-25T16:59:29.129918",
      "value": 437.37,
      "baseline": 141.9839880952381,
      "description": "P95 latency spike: 437.37ms (baseline: 142.0ms)"
    }
  ],
  "scaling_metrics": {
    "total_scaling_events": 86,
    "scale_up_count": 41,
    "scale_down_count": 45,
    "min_pods": 3,
    "max_pods": 20,
    "avg_pods": 7.546511627906977,
    "scaling_events": [
      {
        "timestamp": "2025-10-19T13:59:29.129918",
        "from_pods": 3,
        "to_pods": 7,
        "trigger_rps": 616,
        "direction": "scale_up"
      },
      {
        "timestamp": "2025-10-19T14:59:29.129918",
        "from_pods": 7,
        "to_pods": 6,
        "trigger_rps": 590,
        "direction": "scale_down"
      },
      {
        "timestamp": "2025-10-19T15:59:29.129918",
        "from_pods": 6,
        "to_pods": 3,
        "trigger_rps": 188,
        "direction": "scale_down"
      },
      {
        "timestamp": "2025-10-19T18:59:29.129918",
        "from_pods": 3,
        "to_pods": 7,
        "trigger_rps": 624,
        "direction": "scale_up"
      },
      {
        "timestamp": "2025-10-19T19:59:29.129918",
        "from_pods": 7,
        "to_pods": 3,
        "trigger_rps": 205,
        "direction": "scale_down"
      },
      {
        "timestamp": "2025-10-19T20:59:29.129918",
        "from_pods": 3,
        "to_pods": 4,
        "trigger_rps": 373,
        "direction": "scale_up"
      },
      {
        "timestamp": "2025-10-19T21:59:29.129918",
        "from_pods": 4,
        "to_pods": 9,
        "trigger_rps": 801,
        "direction": "scale_up"
      },
      {
        "timestamp": "2025-10-19T23:59:29.129918",
        "from_pods": 9,
        "to_pods": 8,
        "trigger_rps": 759,
        "direction": "scale_down"
      },
      {
        "timestamp": "2025-10-20T00:59:29.129918",
        "from_pods": 8,
        "to_pods": 20,
        "trigger_rps": 2065,
        "direction": "scale_up"
      },
      {
        "timestamp": "2025-10-20T01:59:29.129918",
        "from_pods": 20,
        "to_pods": 9,
        "trigger_rps": 824,
        "direction": "scale_down"
      }
    ]
  },
  "cost_analysis": {
    "period_days": 7,
    "breakdown": {
      "eks_control_plane": 16.8,
      "ec2_instances": 55.91,
      "ebs_storage": 7.0,
      "data_transfer": 31.5,
      "load_balancer": 3.78,
      "sentry": 6.07
    },
    "total_cost": 121.06,
    "monthly_projection": 518.82,
    "cost_per_million_requests": 0.34,
    "cost_efficiency": "excellent"
  },
  "security_audit": {
    "vulnerabilities": {
      "critical": 0,
      "high": 3,
      "medium": 13,
      "low": 26
    },
    "security_checks": {
      "rbac_configured": true,
      "network_policies_applied": true,
      "secrets_encrypted": true,
      "tls_enforced": true,
      "api_authentication": true,
      "pod_security_standards": true,
      "audit_logging_enabled": true,
      "container_scanning": true
    },
    "security_score": 100.0,
    "rating": "excellent",
    "recommendations": []
  },
  "metrics_sample": [
    {
      "timestamp": "2025-10-19T13:59:29.129918",
      "hour": 0,
      "requests": 616,
      "latency": {
        "p50": 74.95,
        "p95": 120.79,
        "p99": 201.5
      },
      "error_rate": 0.0668
    },
    {
      "timestamp": "2025-10-19T14:59:29.129918",
      "hour": 1,
      "requests": 590,
      "latency": {
        "p50": 73.33,
        "p95": 128.52,
        "p99": 168.78
      },
      "error_rate": 0.0608
    },
    {
      "timestamp": "2025-10-19T15:59:29.129918",
      "hour": 2,
      "requests": 188,
      "latency": {
        "p50": 69.7,
        "p95": 104.78,
        "p99": 178.43
      },
      "error_rate": 0.049
    },
    {
      "timestamp": "2025-10-19T16:59:29.129918",
      "hour": 3,
      "requests": 218,
      "latency": {
        "p50": 61.12,
        "p95": 94.64,
        "p99": 163.13
      },
      "error_rate": 0.0592
    },
    {
      "timestamp": "2025-10-19T17:59:29.129918",
      "hour": 4,
      "requests": 201,
      "latency": {
        "p50": 64.43,
        "p95": 114.42,
        "p99": 196.2
      },
      "error_rate": 0.0601
    },
    {
      "timestamp": "2025-10-19T18:59:29.129918",
      "hour": 5,
      "requests": 624,
      "latency": {
        "p50": 74.44,
        "p95": 122.42,
        "p99": 164.04
      },
      "error_rate": 0.0486
    },
    {
      "timestamp": "2025-10-19T19:59:29.129918",
      "hour": 6,
      "requests": 205,
      "latency": {
        "p50": 64.43,
        "p95": 103.4,
        "p99": 148.22
      },
      "error_rate": 0.0557
    },
    {
      "timestamp": "2025-10-19T20:59:29.129918",
      "hour": 7,
      "requests": 373,
      "latency": {
        "p50": 66.4,
        "p95": 112.19,
        "p99": 201.36
      },
      "error_rate": 0.0559
    },
    {
      "timestamp": "2025-10-19T21:59:29.129918",
      "hour": 8,
      "requests": 801,
      "latency": {
        "p50": 79.48,
        "p95": 120.49,
        "p99": 175.64
      },
      "error_rate": 0.0531
    },
    {
      "timestamp": "2025-10-19T22:59:29.129918",
      "hour": 9,
      "requests": 806,
      "latency": {
        "p50": 86.8,
        "p95": 147.37,
        "p99": 258.96
      },
      "error_rate": 0.0544
    },
    {
      "timestamp": "2025-10-19T23:59:29.129918",
      "hour": 10,
      "requests": 759,
      "latency": {
        "p50": 84.17,
        "p95": 164.04,
        "p99": 246.01
      },
      "error_rate": 0.0713
    },
    {
      "timestamp": "2025-10-20T00:59:29.129918",
      "hour": 11,
      "requests": 2065,
      "latency": {
        "p50": 112.43,
        "p95": 203.92,
        "p99": 345.85
      },
      "error_rate": 0.0626
    },
    {
      "timestamp": "2025-10-20T01:59:29.129918",
      "hour": 12,
      "requests": 824,
      "latency": {
        "p50": 92.7,
        "p95": 178.95,
        "p99": 233.66
      },
      "error_rate": 0.0647
    },
    {
      "timestamp": "2025-10-20T02:59:29.129918",
      "hour": 13,
      "requests": 715,
      "latency": {
        "p50": 75.12,
        "p95": 129.01,
        "p99": 196.99
      },
      "error_rate": 0.0678
    },
    {
      "timestamp": "2025-10-20T03:59:29.129918",
      "hour": 14,
      "requests": 750,
      "latency": {
        "p50": 89.31,
        "p95": 172.83,
        "p99": 250.48
      },
      "error_rate": 0.062
    },
    {
      "timestamp": "2025-10-20T04:59:29.129918",
      "hour": 15,
      "requests": 789,
      "latency": {
        "p50": 88.33,
        "p95": 155.92,
        "p99": 202.74
      },
      "error_rate": 0.0484
    },
    {
      "timestamp": "2025-10-20T05:59:29.129918",
      "hour": 16,
      "requests": 806,
      "latency": {
        "p50": 80.94,
        "p95": 123.75,
        "p99": 215.21
      },
      "error_rate": 0.0501
    },
    {
      "timestamp": "2025-10-20T06:59:29.129918",
      "hour": 17,
      "requests": 685,
      "latency": {
        "p50": 84.83,
        "p95": 132.69,
        "p99": 204.04
      },
      "error_rate": 0.0531
    },
    {
      "timestamp": "2025-10-20T07:59:29.129918",
      "hour": 18,
      "requests": 738,
      "latency": {
        "p50": 82.79,
        "p95": 154.39,
        "p99": 216.24
      },
      "error_rate": 0.071
    },
    {
      "timestamp": "2025-10-20T08:59:29.129918",
      "hour": 19,
      "requests": 740,
      "latency": {
        "p50": 75.97,
        "p95": 122.49,
        "p99": 179.94
      },
      "error_rate": 0.0529
    },
    {
      "timestamp": "2025-10-20T09:59:29.129918",
      "hour": 20,
      "requests": 685,
      "latency": {
        "p50": 76.18,
        "p95": 148.76,
        "p99": 257.33
      },
      "error_rate": 0.0524
    },
    {
      "timestamp": "2025-10-20T10:59:29.129918",
      "hour": 21,
      "requests": 377,
      "latency": {
        "p50": 77.52,
        "p95": 138.42,
        "p99": 212.65
      },
      "error_rate": 0.0614
    },
    {
      "timestamp": "2025-10-20T11:59:29.129918",
      "hour": 22,
      "requests": 367,
      "latency": {
        "p50": 69.92,
        "p95": 121.22,
        "p99": 201.77
      },
      "error_rate": 0.0652
    },
    {
      "timestamp": "2025-10-20T12:59:29.129918",
      "hour": 23,
      "requests": 392,
      "latency": {
        "p50": 76.95,
        "p95": 124.99,
        "p99": 174.38
      },
      "error_rate": 0.0532
    }
  ],
  "phase13_recommendations": [
    {
      "priority": "medium",
      "category": "automation",
      "title": "Self-Healing Automation",
      "description": "Implement automated remediation for common incidents",
      "estimated_timeline": "3-4 weeks",
      "estimated_cost_impact": "Minimal"
    },
    {
      "priority": "low",
      "category": "observability",
      "title": "Distributed Tracing",
      "description": "Implement OpenTelemetry and Jaeger for request-level tracing",
      "estimated_timeline": "3-4 weeks",
      "estimated_cost_impact": "+$30/month"
    }
  ]
}