{
  "synthesis_id": "8743ab9a-53c8-40bd-8323-127b089e9b49",
  "timestamp": "2025-10-12T08:44:13.109459+00:00",
  "total_experiences_analyzed": 56,
  "memory_count": 6,
  "selfplay_count": 50,
  "training_metrics_count": 10,
  "average_loss": 5.1006,
  "system_health": "good",
  "collective_insights": "Synthesized 56 experiences with average training loss of 5.1006",
  "recommendations": [
    "Continue self-play to gather more experience",
    "Monitor training loss convergence",
    "Evaluate model performance regularly"
  ],
  "last_update": "2025-10-12T08:44:13.109538+00:00"
}