{
  "total_sessions": 4,
  "total_epochs": 25,
  "training_sessions": [
    {
      "_id": "c33b2837-dc34-466e-8e28-fd007162d434",
      "epochs": 5,
      "avg_loss": 4.336193137453092,
      "timestamp": null,
      "device": null
    },
    {
      "_id": "64c2bd43-b801-4289-bc8d-46af47713aee",
      "epochs": 5,
      "avg_loss": 3.4705276515812913,
      "timestamp": null,
      "device": null
    },
    {
      "_id": "8c276fc2-1a82-48a5-b6ef-ca3031e52523",
      "epochs": 5,
      "avg_loss": 3.548916932289174,
      "timestamp": null,
      "device": null
    },
    {
      "_id": "60141aa8-7dac-4779-a92a-8968dc5ff8a6",
      "epochs": 10,
      "avg_loss": 5.100634813308716,
      "timestamp": null,
      "device": null
    }
  ],
  "last_update": "2025-10-17T04:50:11.607064+00:00"
}