{
  "id": "199b7afc-829d-453d-b2ab-81467b4bacd2",
  "name": "Task Manager App",
  "description": "A simple task management application",
  "auth": true,
  "db": "sqlite",
  "created_at": "2025-10-21T07:58:50.763623",
  "updated_at": "2025-10-21T07:58:50.763623",
  "workflow": {
    "nodes": [
      {
        "id": "feature-1",
        "type": "feature",
        "data": {
          "label": "Task Management",
          "description": "Core task management functionality"
        },
        "position": {
          "x": 250.0,
          "y": 50.0
        }
      },
      {
        "id": "task-1",
        "type": "task",
        "data": {
          "label": "Setup Project Structure",
          "taskType": "setup"
        },
        "position": {
          "x": 100.0,
          "y": 200.0
        }
      },
      {
        "id": "api-1",
        "type": "api",
        "data": {
          "label": "Create Task API",
          "endpoint": "/api/tasks",
          "method": "POST"
        },
        "position": {
          "x": 250.0,
          "y": 200.0
        }
      },
      {
        "id": "api-2",
        "type": "api",
        "data": {
          "label": "Get Tasks API",
          "endpoint": "/api/tasks",
          "method": "GET"
        },
        "position": {
          "x": 400.0,
          "y": 200.0
        }
      },
      {
        "id": "component-1",
        "type": "component",
        "data": {
          "label": "Task List Component",
          "componentType": "table"
        },
        "position": {
          "x": 250.0,
          "y": 350.0
        }
      }
    ],
    "edges": [
      {
        "id": "e1-2",
        "source": "feature-1",
        "target": "task-1",
        "type": "default"
      },
      {
        "id": "e1-3",
        "source": "feature-1",
        "target": "api-1",
        "type": "default"
      },
      {
        "id": "e1-4",
        "source": "feature-1",
        "target": "api-2",
        "type": "default"
      },
      {
        "id": "e3-5",
        "source": "api-1",
        "target": "component-1",
        "type": "default"
      },
      {
        "id": "e4-5",
        "source": "api-2",
        "target": "component-1",
        "type": "default"
      }
    ]
  },
  "build_status": "not_started"
}